"","id_twitter","screen_name","name","location","description","profile_image_url","profile_banner_url","created_at","created_at_datetime","favourites_count","friends_count","listed_count","followers_count","statuses_count","id_type_twitter","modification_date","creation_date","verified","show_api"
"1",807095,"nytimes","The New York Times","New York City","Where the conversation begins. Follow for breaking news, special reports, RTs of our journalists and more from https://t.co/YapuoqX0HS.","http://pbs.twimg.com/profile_images/856562742563663872/cl1sRx2G_normal.jpg","https://pbs.twimg.com/profile_banners/807095/1488301156","Fri Mar 02 20:41:42 +0000 2007","2007-03-02 20:41:42",14908,892,189438,37781260,279737,1,"2017-06-05 00:42:01","2016-02-29 18:58:25",1,1
"2",3362741,"sopitas","Sopitas","Mexico","Un tipo muy afortunado!

Contacto: sopitas@sopitas.com","http://pbs.twimg.com/profile_images/622131983066378240/nrrS0fKj_normal.jpg","https://pbs.twimg.com/profile_banners/3362741/1495033410","Tue Apr 03 21:18:19 +0000 2007","2007-04-03 21:18:19",1295,2967,6196,2353906,125367,1,"2017-06-05 01:17:22","2015-08-26 21:07:04",1,1
"3",4265721,"LeonKrauze","León Krauze","Los Angeles, CA","Have written for @NewYorker @TheDailyBeast @WashingtonPost @Letras_Libres Anchor at @Univision Professor at @USCAnnenberg Email me: lkrauze@univision.net","http://pbs.twimg.com/profile_images/849793531325566976/ePZZ1H5M_normal.jpg","https://pbs.twimg.com/profile_banners/4265721/1492756927","Thu Apr 12 00:11:03 +0000 2007","2007-04-12 00:11:03",4974,12092,6859,1139898,118527,1,"2017-06-05 01:44:01","2015-08-26 21:01:52",1,1
"4",7996082,"el_pais","EL PAÍS","Madrid","Las noticias más relevantes y la última hora, por los periodistas de EL PAÍS. Para informarse y conversar. Únete al sistema de alertas mediante mensaje directo","http://pbs.twimg.com/profile_images/815456059322036224/o_RQNEOh_normal.jpg","https://pbs.twimg.com/profile_banners/7996082/1450772084","Mon Aug 06 16:20:09 +0000 2007","2007-08-06 16:20:09",1299,767,53610,6171840,335750,1,"2017-06-05 01:51:48","2016-02-29 18:59:26",1,1
"5",8044452,"jrisco","Risco","","· Periodista [ @AsiLasCosasW · #LaNotaDura · @ElFinanciero_MX · @LaCapital_ · #tristeturno · @PoliticoMX ]","http://pbs.twimg.com/profile_images/776972902088347648/6sZkTo1Z_normal.jpg","https://pbs.twimg.com/profile_banners/8044452/1492567211","Wed Aug 08 02:50:22 +0000 2007","2007-08-08 02:50:22",75764,999,916,425609,80903,1,"2017-06-05 02:19:34","2016-02-29 17:46:53",1,1
"6",13320562,"warkentin","Gabriela Warkentin","Mexico","Escribo, hago radio, doy clases, odio el chocolate, le voy a los Pumas, vivo despeinada y todavía quiero seguir en México. Todo aquí es a título personal.","http://pbs.twimg.com/profile_images/593975065420562432/ODhPCMdY_normal.jpg","https://pbs.twimg.com/profile_banners/13320562/1399212088","Sun Feb 10 20:06:45 +0000 2008","2008-02-10 20:06:45",6819,1769,2107,344259,122562,1,"2017-06-05 02:25:25","2015-08-26 21:07:47",1,1
"7",13687822,"Amsalazar","Ana Maria Salazar","Mexico City","Talking Head Conductora #ImagenNews Radio @ADN40, @ElFinanciero_Mx, Mad Mexican.","http://pbs.twimg.com/profile_images/871482355382222849/EkmggVaE_normal.jpg","https://pbs.twimg.com/profile_banners/13687822/1495836893","Tue Feb 19 20:14:32 +0000 2008","2008-02-19 20:14:32",118,1282,1008,46806,23575,1,"2017-06-05 02:32:35","2015-09-07 08:49:28",0,0
"8",14573384,"informador","EL INFORMADOR","Guadalajara, Jalisco","Noticias en tiempo real de Guadalajara, Jalisco, México, Internacional, Entretenimiento y Deportes.","http://pbs.twimg.com/profile_images/783545853663379456/kFzWrQ9G_normal.jpg","https://pbs.twimg.com/profile_banners/14573384/1481130784","Mon Apr 28 18:50:01 +0000 2008","2008-04-28 18:50:01",746,417,2125,502021,290704,1,"2017-06-05 02:44:03","2015-08-26 20:24:01",1,1
"9",14763870,"Pizu","Emilio Saldaña","Your screen, duh!","Estoy en línea, luego existo.
Enamorado de Frinee.  
Orgulloso papá de Julia y Diego. AD/AureaCode/Cybercast/U-Gob/CCmx  Drones. #GoProMX family member :)","http://pbs.twimg.com/profile_images/3593681066/20eed6df4f12c45c6c6e80b8611e266f_normal.jpeg","https://pbs.twimg.com/profile_banners/14763870/1402603374","Tue May 13 20:11:15 +0000 2008","2008-05-13 20:11:15",11564,5969,438,20731,46125,1,"2017-06-05 03:11:45","2017-01-03 18:25:15",0,1
"10",14917589,"eleconomista","El Economista","México, DF","El diario económico de México con 28 años de experiencia. Especialistas en finanzas, empresas, valores y dinero. Síguenos en @TermoEE y @FondosEE","http://pbs.twimg.com/profile_images/581297755252920320/NMNLVYUy_normal.png","https://pbs.twimg.com/profile_banners/14917589/1490485361","Tue May 27 06:07:11 +0000 2008","2008-05-27 06:07:11",3546,189,3392,312013,248320,1,"2017-06-05 03:15:46","2015-08-26 20:31:24",1,1
"11",15663355,"ahope71","Alejandro Hope","Mexico City","Analista de seguridad.. Columnista de @el_universal_mx. RT o ligas no significan aprobación o respaldo.","http://pbs.twimg.com/profile_images/760900698108104706/Jjsg7anu_normal.jpg","https://pbs.twimg.com/profile_banners/15663355/1484702159","Wed Jul 30 17:46:55 +0000 2008","2008-07-30 17:46:55",151,5586,608,28888,35394,1,"2017-06-05 03:52:04","2016-03-01 13:15:41",1,1
"12",16676396,"El_Universal_Mx","El Universal","Centro de la Ciudad de México","Cuenta oficial de El Gran Diario de México. Conoce una amplia variedad de noticias, así como contenidos multimedia.","http://pbs.twimg.com/profile_images/763142488521515008/2V8KkARI_normal.jpg","https://pbs.twimg.com/profile_banners/16676396/1496646113","Fri Oct 10 00:09:06 +0000 2008","2008-10-10 00:09:06",13006,12140,23682,4473491,510148,1,"2017-06-05 03:53:50","2015-08-03 20:39:28",1,1
"13",17146229,"rivapa","Raymundo RivaPalacio","Mexico City","Journalist","http://pbs.twimg.com/profile_images/1238098060/Captura_de_pantalla_2011-02-07_a_las_22.52.06_normal.png",NA,"Tue Nov 04 01:51:22 +0000 2008","2008-11-04 01:51:22",49,1746,3062,277944,26810,1,"2017-06-05 04:40:08","2015-08-26 21:09:00",1,1
"14",18430394,"PPmerino","José Merino","Ciudad de México","Politólogo (CIDE, NYU). Cofundador de @Data4mx y @DataCivica. Profesor en el ITAM y el CIDE. Data lover. No me pongo corbata por nadie.","http://pbs.twimg.com/profile_images/859453546261090304/NEvgFOJr_normal.jpg","https://pbs.twimg.com/profile_banners/18430394/1474038107","Sun Dec 28 17:23:49 +0000 2008","2008-12-28 17:23:49",2222,5315,1146,55379,156627,1,"2017-06-05 04:43:56","2016-03-01 13:16:12",0,1
"15",18607266,"genarolozano","Genaro Lozano","Por aquí y por allá.","Politólogo e Internacionalista. Escribo en @reformacom. Conduzco  @SinFiltroTV #ForoGlobal. Enseño @Ibero_Mx. Fotógrafo. Conferencias genarolozano@gmail.com","http://pbs.twimg.com/profile_images/871437935417085952/XzbEST63_normal.jpg","https://pbs.twimg.com/profile_banners/18607266/1496601972","Sun Jan 04 18:10:08 +0000 2009","2009-01-04 18:10:08",13158,9336,1285,138150,117275,1,"2017-06-05 04:57:36","2016-03-01 13:17:18",1,1
"16",19068156,"mariocampos","Mario Campos","Ciudad de México","Conductor de la Agenda pública. L-V 7 a 8 am en @Foro_TV | Colaborador en Político.mx | Profesor de la Ibero","http://pbs.twimg.com/profile_images/862272985314590720/O-uRT-Zh_normal.jpg","https://pbs.twimg.com/profile_banners/19068156/1492742131","Fri Jan 16 14:23:38 +0000 2009","2009-01-16 14:23:38",3103,3625,1784,83753,81800,1,"2017-06-05 05:03:12","2015-08-26 21:12:42",1,1
"17",19212476,"juanpadeleo","Juan Pablo de Leo","Mexico","PERIODISTA JOURNALIST Director @Politicomx @ADN40mx Escribo en @EjeCentral Colaborador #alInstante @_capitalDF Internacional EEUU político.mx","http://pbs.twimg.com/profile_images/477797801493921792/Zytvx8j9_normal.jpeg","https://pbs.twimg.com/profile_banners/19212476/1469682609","Tue Jan 20 01:08:39 +0000 2009","2009-01-20 01:08:39",1023,7195,180,14242,18045,1,"2017-06-05 05:07:56","2016-03-01 13:16:47",0,1
"18",19889168,"Notimex","Notimex","México","Agencia de #Noticias del Estado Mexicano. Somos una de las #Agencias líderes en #Latinoamérica y de habla hispana. Únete a la comunidad, comenta y comparte.","http://pbs.twimg.com/profile_images/795315745290731520/d7W7BAMB_normal.jpg","https://pbs.twimg.com/profile_banners/19889168/1470333718","Mon Feb 02 02:23:19 +0000 2009","2009-02-02 02:23:19",866,161,5496,696129,252022,1,"2017-06-05 05:09:49","2015-08-26 20:21:54",0,1
"19",20013113,"EjeCentral","EjeCentral","México","El portal de noticias y análisis político en México. Un nicho de información para quienes toman decisiones.","http://pbs.twimg.com/profile_images/815921719349121024/Oo5BfM5x_normal.jpg","https://pbs.twimg.com/profile_banners/20013113/1496293822","Tue Feb 03 23:22:51 +0000 2009","2009-02-03 23:22:51",1180,353,1377,67047,284014,1,"2017-06-05 05:46:23","2015-08-26 20:35:33",0,1
"20",20561817,"WRADIOMexico","W Radio México","Televisa Radio, México, DF","Actualidad, Deportes y Entretenimiento. Escúchanos por el 96.9 FM","http://pbs.twimg.com/profile_images/770698626624434177/iGMIOM6Y_normal.jpg","https://pbs.twimg.com/profile_banners/20561817/1495069617","Wed Feb 11 01:01:23 +0000 2009","2009-02-11 01:01:23",3651,2882,1785,138338,179397,1,"2017-06-05 06:23:14","2015-08-26 20:45:58",1,1
"21",23322761,"macariomx","Macario Schettino","Mexico","Trabajo de niño: leo, escribo, hablo y hago numeritos...","http://pbs.twimg.com/profile_images/825824451862286336/GdkUtssU_normal.jpg","https://pbs.twimg.com/profile_banners/23322761/1463609750","Sun Mar 08 16:16:17 +0000 2009","2009-03-08 16:16:17",12382,2161,989,61328,70717,1,"2017-06-05 06:41:12","2016-03-01 13:20:21",0,1
"22",23377748,"AztecaNoticias","Azteca Noticias","México","Ponte al día con nuestras noticias. También puedes seguirnos en http://t.co/qiZ2hIj2AL","http://pbs.twimg.com/profile_images/838928352308154368/TNteqcch_normal.jpg","https://pbs.twimg.com/profile_banners/23377748/1488851067","Mon Mar 09 00:35:31 +0000 2009","2009-03-09 00:35:31",6,226,2240,454015,209313,1,"2017-06-05 06:46:45","2015-08-26 20:42:27",1,1
"23",24969337,"Milenio","Milenio.com","México","Periodismo con carácter.","http://pbs.twimg.com/profile_images/871369668551778304/3SLRBHcO_normal.jpg","https://pbs.twimg.com/profile_banners/24969337/1496625582","Tue Mar 17 22:26:38 +0000 2009","2009-03-17 22:26:38",2,178,15138,3841292,473245,1,"2017-06-05 06:52:51","2015-08-03 21:48:23",1,1
"24",25401359,"NTelevisa_com","Noticieros Televisa","Mexico City","Noticias de México y el mundo, entrevistas, fotos, videos, reportajes, coberturas, blogs e información","http://pbs.twimg.com/profile_images/849121482982731776/rd1Q4kPo_normal.jpg","https://pbs.twimg.com/profile_banners/25401359/1496597725","Thu Mar 19 22:51:38 +0000 2009","2009-03-19 22:51:38",106,553,9823,2606734,418932,1,"2017-06-05 07:23:30","2015-08-26 20:40:00",1,1
"25",25695532,"e_consulta","Periódico e-consulta","Puebla, México","http://t.co/XtqqwXtyne El primer periódico digital en Puebla con noticias en línea","http://pbs.twimg.com/profile_images/816376855133442048/r9K6tJEp_normal.jpg","https://pbs.twimg.com/profile_banners/25695532/1483474336","Sat Mar 21 16:50:16 +0000 2009","2009-03-21 16:50:16",13921,4083,818,129261,364829,1,"2017-06-05 07:48:27","2015-08-26 20:33:06",1,1
"26",27139214,"Canal22","Canal 22 México","Ciudad de México ","El Canal Cultural de México.","http://pbs.twimg.com/profile_images/811602230558093312/j5vZsRFm_normal.jpg","https://pbs.twimg.com/profile_banners/27139214/1493075990","Sat Mar 28 00:35:01 +0000 2009","2009-03-28 00:35:01",5606,502,3556,777626,110513,1,"2017-06-05 08:23:46","2015-08-26 20:43:57",1,1
"27",27708897,"Reforma","REFORMACOM","México","Corazón de México.
Puedes ver más información en: https://t.co/AcRwvOgvxF","http://pbs.twimg.com/profile_images/725565720944250880/OPsUgWmd_normal.jpg","https://pbs.twimg.com/profile_banners/27708897/1471871321","Mon Mar 30 19:30:49 +0000 2009","2009-03-30 19:30:49",265,52,10237,2337642,265901,1,"2017-06-05 08:36:36","2015-08-26 18:08:02",1,1
"28",27967674,"andreslajous","Andrés Lajous","New York, NY","Candidato a Doctor. Sociología. Princeton. Bicicomunista.","http://pbs.twimg.com/profile_images/542363347065131008/h2iQy3rd_normal.jpeg","https://pbs.twimg.com/profile_banners/27967674/1453758428","Tue Mar 31 21:29:02 +0000 2009","2009-03-31 21:29:02",2897,2199,986,47865,44183,1,"2017-06-05 09:06:07","2016-03-01 13:20:10",0,1
"29",31023547,"Reporte_Indigo","Reporte Índigo","CDMX / Guadalajara / Monterrey","Reporte Índigo es investigación, política, economía y entretenimiento. Consúltanos https://t.co/9AN3G6ibVj

Instagram: https://t.co/4f9zvdgfwX","http://pbs.twimg.com/profile_images/871242700393127937/7NMogq8j_normal.jpg","https://pbs.twimg.com/profile_banners/31023547/1496555450","Tue Apr 14 01:47:10 +0000 2009","2009-04-14 01:47:10",1642,364,5356,717707,131189,1,"2017-06-05 09:09:05","2015-08-26 20:21:31",1,1
"30",31141996,"nacholozano","Nacho Lozano","ÜT: 19.313399,-99.139971","Cuento historias en https://t.co/3AQYzT4OtB • https://t.co/I9UBgBSErj • Imagen TV • RMX • MásporMás • CiudadTV • @asicomosuenamx | Escribí El priista que todos llevamos dentro.","http://pbs.twimg.com/profile_images/865751445659934720/FI5SR37D_normal.jpg","https://pbs.twimg.com/profile_banners/31141996/1490058148","Tue Apr 14 15:07:57 +0000 2009","2009-04-14 15:07:57",2838,1013,830,78705,42654,1,"2017-06-05 09:39:55","2015-08-26 21:14:28",1,1
"31",31397397,"puigcarlos","Carlos Puig","Mexico","Periodista. Milenio TV todas las noches, en Milenio Impreso de lunes a viernes. Escucho asicomosuena.mx todo el tiempo.","http://pbs.twimg.com/profile_images/825494101881712641/Cx9ccJon_normal.jpg","https://pbs.twimg.com/profile_banners/31397397/1427080019","Wed Apr 15 12:41:38 +0000 2009","2009-04-15 12:41:38",1176,816,1965,533943,13474,1,"2017-06-05 09:45:28","2015-08-26 21:08:20",0,1
"32",31907515,"sdpnoticias","SDP Noticias","Ciudad de México, México","El periódico digital más leído en México","http://pbs.twimg.com/profile_images/833502475483127809/ZO3GvELe_normal.jpg","https://pbs.twimg.com/profile_banners/31907515/1487557425","Thu Apr 16 15:43:32 +0000 2009","2009-04-16 15:43:32",112,3329,2766,283155,188118,1,"2017-06-05 09:47:39","2015-08-26 20:24:42",1,1
"33",34080203,"muralcom","mural.com","México","Cuenta oficial del Periódico MURAL de Grupo REFORMA en Guadalajara. Noticias en tiempo real y contenidos multimedia.","http://pbs.twimg.com/profile_images/687339999797198848/y81Y6ght_normal.png","https://pbs.twimg.com/profile_banners/34080203/1491413348","Tue Apr 21 23:01:33 +0000 2009","2009-04-21 23:01:33",1843,289,1071,299312,217679,1,"2017-06-05 09:59:47","2015-08-26 20:30:31",1,1
"34",34140316,"soyfdelrincon","Fernando Del Rincon","En todas partes/Everywhere.","Journalist/News Anchor/Producer/writer #LIBERTADEXPRESION INSTAGRAM @fdelrincon","http://pbs.twimg.com/profile_images/831992042435858433/qBrHbKRo_normal.jpg","https://pbs.twimg.com/profile_banners/34140316/1487272569","Wed Apr 22 02:04:38 +0000 2009","2009-04-22 02:04:38",58989,2954,6187,2998691,45775,1,"2017-06-05 10:26:00","2015-08-26 20:59:53",1,1
"35",34718178,"beltrandelrio","Pascal BeltrandelRio","Ciudad de México","Director editorial del periódico Excélsior. Conductor de Titulares de la Noche de Excélsior TV y de la Primera Emisión de Imagen Radio (90.5 FM).","http://pbs.twimg.com/profile_images/833812671153713152/SWzne9vv_normal.jpg","https://pbs.twimg.com/profile_banners/34718178/1486091807","Thu Apr 23 20:24:14 +0000 2009","2009-04-23 20:24:14",28995,4256,2319,287434,127208,1,"2017-06-05 10:28:54","2015-08-26 21:10:01",1,1
"36",35103616,"sergioaguayo","Sergio Aguayo","México D.F.","Soy Sergio Aguayo, busco interlocutores para intercambiar ideas e información sobre los grandes retos que enfrenta México.","http://pbs.twimg.com/profile_images/834617331569487873/StzZe5zI_normal.jpg","https://pbs.twimg.com/profile_banners/35103616/1348699083","Sat Apr 25 01:26:13 +0000 2009","2009-04-25 01:26:13",612,10532,2901,393869,26900,1,"2017-06-05 10:43:18","2016-03-01 13:19:56",1,1
"37",35357544,"AnaPOrdorica","Ana Paula Ordorica","Mexico","Mexico based journalist for tv, radio and print. Conductora A Las Tres de Foro TV/Televisa. Columnista de El Universal. Conferencias https://t.co/oRz99jxqF1","http://pbs.twimg.com/profile_images/841520600032133121/08Qk2fTr_normal.jpg","https://pbs.twimg.com/profile_banners/35357544/1488233691","Sun Apr 26 00:50:58 +0000 2009","2009-04-26 00:50:58",148,739,2070,521376,21431,1,"2017-06-05 10:43:32","2015-08-26 21:04:04",1,1
"38",35541975,"NoticiasMVS","Noticias MVS","ÜT: 19.466002,-99.168275","El portal de la estación NoticiasMVS Infórmate del acontecer de México y el mundo.","http://pbs.twimg.com/profile_images/847115008903303168/6cMkoWTD_normal.jpg","https://pbs.twimg.com/profile_banners/35541975/1490802640","Sun Apr 26 19:29:57 +0000 2009","2009-04-26 19:29:57",354,3569,5672,1616154,492169,1,"2017-06-05 10:56:06","2015-08-26 20:40:16",1,1
"39",35805675,"DiegoEOsorno","Diego Enrique Osorno","","Reportero y escritor mexicano","http://pbs.twimg.com/profile_images/818321854108696577/bm1dlb55_normal.jpg","https://pbs.twimg.com/profile_banners/35805675/1483025049","Mon Apr 27 17:46:12 +0000 2009","2009-04-27 17:46:12",5878,1135,807,32468,14943,1,"2017-06-05 11:18:17","2015-08-26 21:15:32",0,1
"40",35914963,"Yoinfluyo","Yo influyo","Mexico city","Somos un medio electrónico de análisis,  desde una perspectiva humanista y solidaria.","http://pbs.twimg.com/profile_images/832374245111914496/xIaL4ClP_normal.jpg","https://pbs.twimg.com/profile_banners/35914963/1494875690","Tue Apr 28 00:03:32 +0000 2009","2009-04-28 00:03:32",1027,5749,227,12503,128864,1,"2017-06-05 11:19:10","2015-08-26 20:36:14",0,1
"41",35964743,"E_Q_","Enrique  Quintana","COORDENADAS","Periodista.     Autor de la Columna  COORDENADAS.   Vicepresidente y Director General Editorial de @ELFinanciero_Mx","http://pbs.twimg.com/profile_images/3660423105/ebfb3750d40b97830b3829a53674f461_normal.jpeg","https://pbs.twimg.com/profile_banners/35964743/1368489938","Tue Apr 28 02:52:53 +0000 2009","2009-04-28 02:52:53",194,495,324,112939,2299,1,"2017-06-05 11:36:12","2017-03-28 14:35:58",0,1
"42",35977487,"lajornadaonline","La Jornada","México","Cuenta de Twitter oficial. Sigue también a @LaJornada para noticias de la versión impresa.","http://pbs.twimg.com/profile_images/588503723002834944/95acWEsy_normal.jpg","https://pbs.twimg.com/profile_banners/35977487/1494894299","Tue Apr 28 03:40:43 +0000 2009","2009-04-28 03:40:43",141,163,10330,1879675,158591,1,"2017-06-05 11:37:26","2015-08-26 18:09:11",1,1
"43",36751171,"campossuarez","Enrique Campos S","","","http://pbs.twimg.com/profile_images/727285295943553024/aEgrBYeV_normal.jpg","https://pbs.twimg.com/profile_banners/36751171/1395344959","Thu Apr 30 19:41:23 +0000 2009","2009-04-30 19:41:23",13,547,626,46780,10745,1,"2017-06-05 12:11:49","2015-08-26 21:14:44",0,1
"44",37229089,"ramonalberto","Ramon Alberto Garza","Mexico","Periodista y Analista Político de Código Magenta","http://pbs.twimg.com/profile_images/796432782633226240/wPcC5CRC_normal.jpg","https://pbs.twimg.com/profile_banners/37229089/1478719291","Sat May 02 16:31:36 +0000 2009","2009-05-02 16:31:36",3,120,595,18655,208,1,"2017-06-05 12:18:05","2015-08-26 21:16:03",0,1
"45",37705479,"UnoNoticias","Uno TV","México, D.F.","Las noticias más importantes de México y el mundo. |¡Únete a la conversación!  • https://t.co/3qMNg5QWvF • https://t.co/pgxyaAlcVK","http://pbs.twimg.com/profile_images/837026512729579520/SkZ2EAsd_normal.jpg","https://pbs.twimg.com/profile_banners/37705479/1493035649","Mon May 04 17:17:28 +0000 2009","2009-05-04 17:17:28",7000,2408,1929,277014,245327,1,"2017-06-05 12:18:06","2015-08-26 20:29:52",1,1
"46",37987782,"YuririaSierra","Yuriria Sierra","A un click de distancia","Periodista y conductora en @ImagenTVMex y radio @Imagen_mx. Columnista de @Excelsior. Amante de los libros. Profunda creyente de la risa...","http://pbs.twimg.com/profile_images/859577716688990213/6eAVEm5W_normal.jpg","https://pbs.twimg.com/profile_banners/37987782/1479241247","Tue May 05 18:41:50 +0000 2009","2009-05-05 18:41:50",18557,2237,3350,313541,49663,1,"2017-06-05 12:46:52","2015-08-26 21:05:07",1,1
"47",38277042,"Siempre889","Siempre 88.9","Ciudad de México","88.9 FM Tráfico y clima cada 15 minutos. Conectando a millones","http://pbs.twimg.com/profile_images/750035270716710916/b7gWQVqm_normal.jpg","https://pbs.twimg.com/profile_banners/38277042/1488990650","Wed May 06 21:09:11 +0000 2009","2009-05-06 21:09:11",397,120,2417,188896,220268,1,"2017-06-05 12:52:54","2017-05-24 19:34:04",0,1
"48",38278953,"revistaetcetera","Revista etcétera","México DF","Revista especializada en análisis de medios y periodismo","http://pbs.twimg.com/profile_images/870297662884425728/Qjt5tBkX_normal.jpg","https://pbs.twimg.com/profile_banners/38278953/1496331966","Wed May 06 21:18:14 +0000 2009","2009-05-06 21:18:14",2040,2271,1930,234064,128438,1,"2017-06-05 13:12:14","2015-08-26 20:36:31",0,1
"49",39622275,"jairocalixto","Jairo Calixto","Mexicalpan de las Tunas","Estoy aquí para defender la democracia, no para ejercerla #DejenseAhí @Politicacero_ #CharrosVsGangsters @QrRmilenio #ElNumerazo","http://pbs.twimg.com/profile_images/867837129996595201/Wejncsmr_normal.jpg","https://pbs.twimg.com/profile_banners/39622275/1482276092","Tue May 12 23:07:07 +0000 2009","2009-05-12 23:07:07",36037,952,2109,130369,58270,1,"2017-06-05 13:41:55","2015-08-26 21:10:18",1,1
"50",40105598,"telediariomty","Telediario","","¡Somos Telediario! Tenemos toda la información del día a día. Aquí encontrarás noticias de Nuevo León, México y el mundo.","http://pbs.twimg.com/profile_images/815933456760774657/KuFfexfq_normal.jpg","https://pbs.twimg.com/profile_banners/40105598/1459448863","Thu May 14 22:37:51 +0000 2009","2009-05-14 22:37:51",2320,120,2802,997153,190669,1,"2017-06-05 14:05:33","2015-08-26 20:40:48",1,1
"51",40133183,"Televisa","Televisa","México D.F.","Empresa de medios de comunicación más grande en el mundo de habla hispana con base en su capitalización de mercado.","http://pbs.twimg.com/profile_images/702576087797100544/tRfNNz_C_normal.jpg","https://pbs.twimg.com/profile_banners/40133183/1494519206","Fri May 15 00:45:06 +0000 2009","2009-05-15 00:45:06",519,197,428,510806,3821,1,"2017-06-05 14:35:25","2015-08-26 20:43:25",1,1
"52",40993707,"993grupoacir","99.3 FM","","GrupoAcir. Líder Nacional en Radio.","http://pbs.twimg.com/profile_images/378800000485985104/4f47cada4f264f951ac902b5e0a69517_normal.jpeg","https://pbs.twimg.com/profile_banners/40993707/1379740657","Mon May 18 23:03:20 +0000 2009","2009-05-18 23:03:20",29,1215,473,54092,13511,1,"2017-06-05 14:36:10","2015-08-26 20:47:22",0,1
"53",41156599,"revistaproceso","Proceso","México","Revista Proceso. Semanario de información y análisis
http://t.co/mtIHoJ6wc3","http://pbs.twimg.com/profile_images/791445782024949760/_Mlnv2Z-_normal.jpg","https://pbs.twimg.com/profile_banners/41156599/1496689441","Tue May 19 17:00:37 +0000 2009","2009-05-19 17:00:37",0,1826,13509,4317005,97385,1,"2017-06-05 14:36:14","2015-08-26 18:04:46",1,1
"54",41273036,"JavierSolorzano","Javier Solórzano","Ciudad de México","Periodista. @OnceNoticiasTV de 6:00 a 9:00; @TeConectaFm de 13:00 a 15:00; Mesa de Diálogo, miércoles 21:00, en @CanalCongreso. Columnista en @LaRazon_mx.","http://pbs.twimg.com/profile_images/750481768877207552/YxGRihWp_normal.jpg","https://pbs.twimg.com/profile_banners/41273036/1489697528","Wed May 20 02:14:38 +0000 2009","2009-05-20 02:14:38",942,1049,7453,1178673,17377,1,"2017-06-05 15:16:13","2015-08-26 21:01:37",1,1
"55",41851448,"nexosmexico","Revista Nexos","México","Sociedad, periodismo y literatura.","http://pbs.twimg.com/profile_images/870112759895085057/YTUbUyw4_normal.jpg","https://pbs.twimg.com/profile_banners/41851448/1496286012","Fri May 22 16:51:28 +0000 2009","2009-05-22 16:51:28",0,61,2984,452748,48557,1,"2017-06-05 15:17:31","2015-08-26 20:36:48",0,1
"56",41925129,"elnortecom","ELNORTE.COM","Monterrey","Cuenta oficial del Periódico EL NORTE de Grupo REFORMA. Entra a http://t.co/Qesu4R0Qhl para notas en tiempo real. Síguenos en Instagram: http://t.co/wB0efxXpmB","http://pbs.twimg.com/profile_images/679010877702467584/l-GrowQO_normal.jpg","https://pbs.twimg.com/profile_banners/41925129/1471878274","Fri May 22 23:20:45 +0000 2009","2009-05-22 23:20:45",108,52,2369,846487,168249,1,"2017-06-05 15:29:20","2015-08-26 20:22:33",1,1
"57",42514186,"SalCamarena","Salvador Camarena","","Periodista. Investigación periodística en Mexicanos contra la Corrupción y la Impunidad. Columnista diario en @ElFinanciero_Mx, y lunes en @Informador.","http://pbs.twimg.com/profile_images/847303554314387456/1onsaU7T_normal.jpg","https://pbs.twimg.com/profile_banners/42514186/1452994655","Mon May 25 23:36:17 +0000 2009","2009-05-25 23:36:17",6761,1303,1615,102937,35341,1,"2017-06-05 15:57:13","2015-08-26 21:11:47",0,1
"58",42782290,"PublimetroMX","Publimetro MX","México DF","Las noticias del diario global más grande en 140 caracteres.","http://pbs.twimg.com/profile_images/839723566278959104/nlJgA5Cj_normal.jpg","https://pbs.twimg.com/profile_banners/42782290/1494458503","Wed May 27 01:35:35 +0000 2009","2009-05-27 01:35:35",725,1288,3279,661269,451014,1,"2017-06-05 16:08:46","2015-08-26 20:22:49",1,1
"59",43366101,"HP_Diario","HP Diario","Durango,Mexico","","http://pbs.twimg.com/profile_images/716310152379387904/1Xh7cUVW_normal.jpg","https://pbs.twimg.com/profile_banners/43366101/1433886132","Fri May 29 16:59:25 +0000 2009","2009-05-29 16:59:25",87,637,88,6814,75682,1,"2017-06-05 16:56:01","2016-04-20 12:09:46",0,1
"60",47379940,"LaRazon_mx","La Razón de México","México","","http://pbs.twimg.com/profile_images/680771046639730688/DFeb2bRf_normal.png","https://pbs.twimg.com/profile_banners/47379940/1495475144","Mon Jun 15 16:50:35 +0000 2009","2009-06-15 16:50:35",986,1788,1615,101502,225168,1,"2017-06-02 07:31:28","2015-08-26 20:33:22",0,1
"61",48841325,"estarc62","Esteban Arce","Mexico","Mexicano, católico,  atlantista, provida, fan del tricolor, conductor de radio, tv. chilango de corazón. PNP 2016","http://pbs.twimg.com/profile_images/824721451190099968/pq2HtMjq_normal.jpg","https://pbs.twimg.com/profile_banners/48841325/1464301515","Fri Jun 19 21:51:42 +0000 2009","2009-06-19 21:51:42",8171,500,1246,218546,12502,1,"2017-06-02 08:02:09","2015-08-26 21:12:25",1,1
"62",50691171,"maurimm","Mauricio Meschoulam","ÜT: 19.433827,-99.140943","Internacionalista PhD en Pol Públicas y Admon c/esp  terrorismo mediación y paz Prof del Dep Est Intnles UIA, analista El Universal y diversos medios TV y radio","http://pbs.twimg.com/profile_images/1152454508/g_normal.jpg",NA,"Thu Jun 25 16:25:36 +0000 2009","2009-06-25 16:25:36",7392,4786,432,23009,56500,1,"2017-06-02 08:04:20","2016-03-01 13:19:42",0,1
"63",52422182,"julioastillero","Julio Astillero","Ciudad de México","Julio Hernández López, autor de la columna Astillero, en La Jornada; director de La Jornada San Luis","http://pbs.twimg.com/profile_images/426006258089340928/4HTqjiTI_normal.png","https://pbs.twimg.com/profile_banners/52422182/1495743568","Tue Jun 30 15:20:55 +0000 2009","2009-06-30 15:20:55",815,28792,3332,361985,182729,1,"2017-06-02 08:06:50","2015-08-26 21:08:03",0,1
"64",54450101,"arturoangel20","Arturo Angel","México D.F.","Reportero. Animal Político. aangel@animalpolitico.com Gamer. Fan de la F1 y los Patriots (NFL)","http://pbs.twimg.com/profile_images/864906722523197440/RGz4H5u4_normal.jpg","https://pbs.twimg.com/profile_banners/54450101/1494911887","Tue Jul 07 04:30:33 +0000 2009","2009-07-07 04:30:33",4619,1611,101,4251,60071,1,"2017-06-02 08:21:57","2016-02-15 14:54:51",0,1
"65",54621307,"Esmas_com","Esmas.Com","","El portal de entretenimiento con la mejor información del espectáculo, estilo de vida y mucho más.","http://pbs.twimg.com/profile_images/850346821599801344/ltxwN3jP_normal.jpg","https://pbs.twimg.com/profile_banners/54621307/1483981671","Tue Jul 07 17:42:43 +0000 2009","2009-07-07 17:42:43",1480,16375,634,59246,46229,1,"2017-06-02 08:27:13","2015-08-26 20:33:50",1,1
"66",54649261,"epigmenioibarra","epigmenio ibarra","Mexico","Periodista y productor. ARGOS","http://pbs.twimg.com/profile_images/774064340278272000/yJ1R9OTd_normal.jpg","https://pbs.twimg.com/profile_banners/54649261/1493764592","Tue Jul 07 19:29:31 +0000 2009","2009-07-07 19:29:31",6270,27753,2311,284234,260478,1,"2017-06-02 08:31:53","2015-08-26 21:05:50",1,1
"67",57376536,"MexicanTimes","Mexican Times","Ciudad de México","El mundo cambió, la manera de comunicarnos también. #PiensaGlobalOpinaLocal news@mexicantimes.mx opinologia@mexicantimes.mx","http://pbs.twimg.com/profile_images/707245824510562304/MREnjmkM_normal.jpg","https://pbs.twimg.com/profile_banners/57376536/1457455470","Thu Jul 16 16:36:57 +0000 2009","2009-07-16 16:36:57",2162,13594,349,104767,70856,1,"2017-06-02 08:45:38","2016-04-18 10:57:06",0,1
"68",57404784,"SergioyLupita","LA RED DE RADIO RED","Ciudad de México","Noticias.

La Red de Radio Red con Sergio Sarmiento y Guadalupe Juárez/ @SergioSarmiento y @LupitaJuarezH/ 92.1FM-1110AM / El noticiario más escuchado en México","http://pbs.twimg.com/profile_images/3380034468/0cc329524637779541e5dbd8ff5ca8c6_normal.jpeg","https://pbs.twimg.com/profile_banners/57404784/1478179309","Thu Jul 16 18:23:18 +0000 2009","2009-07-16 18:23:18",64971,2886,1069,96435,102072,1,"2017-06-02 09:18:47","2015-08-26 20:49:11",0,1
"69",57464474,"javieraparicio","Javier Aparicio","Mexico, D. F.","Profesor del CIDE. Tuiteo sobre elecciones, economía política y métodos cuantitativos. Opino en Excélsior y Animal Político. Every graph tells a story.","http://pbs.twimg.com/profile_images/663038258507460608/xntwr7Sw_normal.jpg","https://pbs.twimg.com/profile_banners/57464474/1443905775","Thu Jul 16 22:19:03 +0000 2009","2009-07-16 22:19:03",2933,3154,531,22808,34109,1,"2017-06-02 09:22:09","2016-03-01 13:09:09",0,1
"70",58667833,"ricardomraphael","Ricardo Raphael","ÜT: 19.412182,-99.182071","Autosubversivo de oficio. Obsesivo, siempre. De viaje, cuando puedo.","http://pbs.twimg.com/profile_images/542117295183515648/mOS2hfoG_normal.png","https://pbs.twimg.com/profile_banners/58667833/1372531837","Tue Jul 21 01:59:30 +0000 2009","2009-07-21 01:59:30",951,1349,963,130985,7599,1,"2017-06-02 09:24:01","2015-08-26 21:17:10",0,1
"71",58970005,"Letras_Libres","Letras Libres","","Una plataforma multimedia que combina el pensamiento y la reflexión política con una vocación cultural y literaria.","http://pbs.twimg.com/profile_images/870348859850997760/raY-pU_U_normal.jpg","https://pbs.twimg.com/profile_banners/58970005/1488386831","Wed Jul 22 00:07:45 +0000 2009","2009-07-22 00:07:45",16,397,5234,560456,53083,1,"2017-06-02 09:24:40","2015-08-26 20:37:04",1,1
"72",62834119,"MarioBeteta","OSCAR MARIO BETETA","Ciudad de México","Maestro en economía y análisis político. Durante 25 años su trabajo periodístico en radio y TV ha sido reconocido en México y el extranjero.","http://pbs.twimg.com/profile_images/849641872620306432/endjQqsw_normal.jpg","https://pbs.twimg.com/profile_banners/62834119/1483027735","Tue Aug 04 14:40:38 +0000 2009","2009-08-04 14:40:38",5323,1117,1032,92477,92436,1,"2017-06-02 09:34:50","2015-08-26 21:12:59",0,1
"73",64022962,"EnfoqueNoticias","Enfoque Noticias","Ciudad de México","Toda la información en el portal de Enfoque: noticias nacionales, internacionales, deportes, finanzas, espectáculos, cultura y secciones especiales.","http://pbs.twimg.com/profile_images/617873750197833728/nqeK8KfS_normal.jpg","https://pbs.twimg.com/profile_banners/64022962/1489601076","Sat Aug 08 19:16:12 +0000 2009","2009-08-08 19:16:12",966,1804,815,31637,281685,1,"2017-06-02 09:47:04","2015-08-26 20:46:47",0,1
"74",64638057,"kdartigues","Katia D'Artigues","","Mujer, Mexicana, Madre, Periodista. Activista por los derechos humanos y la discapacidad. #Pumita. En reinvención personal.","http://pbs.twimg.com/profile_images/833647907022761987/c2yfG2Uf_normal.jpg","https://pbs.twimg.com/profile_banners/64638057/1485588216","Tue Aug 11 05:41:10 +0000 2009","2009-08-11 05:41:10",14822,4250,3029,355296,57184,1,"2017-06-02 10:17:28","2015-10-02 12:55:53",1,1
"75",68036460,"RoyCampos","Roy Campos","México City","Platico de política, de deportes, disfruto buenos chistes y creo mucho en México. visiten http://t.co/aVhVNYvv1k @mitofsky_group","http://pbs.twimg.com/profile_images/831329344240824321/vdTWeHsy_normal.jpg","https://pbs.twimg.com/profile_banners/68036460/1482800662","Sun Aug 23 01:24:12 +0000 2009","2009-08-23 01:24:12",1245,928399,5568,1115082,132639,1,"2017-06-02 10:19:04","2016-02-29 17:46:18",1,1
"76",68844197,"CarlosLoret","Carlos Loret de Mola","México, DF.","Reportero, provocador involuntario, madrugador desde #despiertaConLoret #ElUniversal hasta #Contraportada #OpiniónPersonal #ChefEnVíasDeDesarrollo","http://pbs.twimg.com/profile_images/856523371315695616/4rh3RjK7_normal.jpg","https://pbs.twimg.com/profile_banners/68844197/1483328465","Wed Aug 26 00:00:09 +0000 2009","2009-08-26 00:00:09",1763,1142,19820,7485699,62475,1,"2017-06-02 10:20:27","2015-08-26 20:54:08",1,1
"77",69334913,"LuisCardenasMx","Luis Cárdenas","","Periodista en @NoticiasMVS, @52mxtv, @El_Universal_Mx y más. Lo que tuiteo representa lo que pienso yo y no las empresas donde laboro.","http://pbs.twimg.com/profile_images/859006249299357696/QCjvQ9uf_normal.jpg","https://pbs.twimg.com/profile_banners/69334913/1496140231","Thu Aug 27 16:30:05 +0000 2009","2009-08-27 16:30:05",5892,15086,1383,104367,103058,1,"2017-06-02 10:33:00","2015-09-07 08:49:52",1,1
"78",69639986,"jorgezepedap","jorge zepeda","","Director de Sinembargo.mx, Escritor y Periodista, autor de novelas Los Corruptores, Milena o el fémur más bello del mundo (Premio Planeta) y Los Usurpadores","http://pbs.twimg.com/profile_images/597143821831446528/kmCYLa5-_normal.jpg",NA,"Fri Aug 28 17:11:35 +0000 2009","2009-08-28 17:11:35",47,565,1035,186660,3167,1,"2017-06-02 10:49:30","2015-08-26 21:14:00",0,1
"79",70390438,"PedroFerriz","Pedro Ferriz de Con","México, DF","¡Interactúa conmigo! ¡Todos podemos lograr un mejor México! ¡Participa, opina!","http://pbs.twimg.com/profile_images/867569163186974720/97LF-KU9_normal.jpg","https://pbs.twimg.com/profile_banners/70390438/1490413380","Mon Aug 31 13:21:11 +0000 2009","2009-08-31 13:21:11",1873,996,10420,3622355,150625,1,"2017-06-02 10:50:12","2015-08-26 20:53:41",1,1
"80",70805914,"Adela_Micha","Adela Micha","México City ","periodista mexicana","http://pbs.twimg.com/profile_images/603942420259016704/03eeJ5on_normal.jpg",NA,"Tue Sep 01 22:30:36 +0000 2009","2009-09-01 22:30:36",58,394,15167,4559429,56724,1,"2017-06-02 10:51:14","2015-08-26 20:59:12",1,1
"81",72433740,"esquivelgerardo","Gerardo Esquivel","Mexico City","Economista (UNAM, Colmex, Harvard). Menoscabador de fines. No se confundan, mi corazón late a la izquierda. Miembro de @ddeliberada","http://pbs.twimg.com/profile_images/566841392584880129/jZIouPie_normal.png",NA,"Tue Sep 08 01:05:57 +0000 2009","2009-09-08 01:05:57",4008,1591,819,42204,20571,1,"2017-06-02 11:04:03","2016-03-01 13:15:55",0,1
"82",74153376,"FedericoArreola","Federico Arreola","Monterrey, México","Periodista","http://pbs.twimg.com/profile_images/518590070/images_normal.jpg",NA,"Mon Sep 14 13:16:47 +0000 2009","2009-09-14 13:16:47",14,129518,3995,192287,294990,1,"2017-06-02 11:04:41","2015-08-26 21:08:44",1,1
"83",75334313,"Javier_Alatorre","Javier Alatorre","Ciudad de Mexico","Periodista / Conductor Hechos","http://pbs.twimg.com/profile_images/832319098948349952/hTfacEeL_normal.jpg",NA,"Fri Sep 18 17:22:24 +0000 2009","2009-09-18 17:22:24",0,135,11758,3578456,5656,1,"2017-06-02 11:11:48","2015-08-26 20:59:29",1,1
"84",80064831,"CanalOnceTV","Canal Once","México, D.F.","Canal Once, del Instituto Politécnico Nacional, es la televisora de servicio público más antigua de América Latina.","http://pbs.twimg.com/profile_images/821770235506085888/OHsjMeXw_normal.jpg","https://pbs.twimg.com/profile_banners/80064831/1496345958","Mon Oct 05 16:32:11 +0000 2009","2009-10-05 16:32:11",17305,83143,2232,980898,41694,1,"2017-06-02 11:27:27","2015-08-26 20:43:41",1,1
"85",82762675,"eduardosalazar4","eduardo salazar","","Periodista y Vicepresidente editorial y de relaciones institucionales de  24 Horas, El Diario Sin Limites","http://pbs.twimg.com/profile_images/1740218215/image_normal.jpg",NA,"Fri Oct 16 01:17:01 +0000 2009","2009-10-16 01:17:01",10,673,421,90658,3633,1,"2017-06-02 11:50:21","2015-08-26 21:12:02",0,1
"86",82788234,"alvaro_delgado","Alvaro Delgado Gómez","México, D.F.","Periodista independiente. Reportero de Proceso desde 1994.","http://pbs.twimg.com/profile_images/830845383643262976/F5EP8rGU_normal.jpg","https://pbs.twimg.com/profile_banners/82788234/1462586078","Fri Oct 16 03:33:08 +0000 2009","2009-10-16 03:33:08",290,1604,885,62290,38510,1,"2017-06-02 11:50:22","2015-08-26 21:14:13",0,1
"87",84352783,"SGarciaSoto","Salvador García Soto","ÜT: 19.39283,-99.172994","Periodista, autor de Serpientes y Escaleras, en El Universal (eluniversalmcom.mx) Conductor noticiero CiudadTV 21.2,  comentarista W Radio y Radio Fórmula","http://pbs.twimg.com/profile_images/776997670745321472/NxAQv4gV_normal.jpg","https://pbs.twimg.com/profile_banners/84352783/1491419097","Thu Oct 22 15:36:03 +0000 2009","2009-10-22 15:36:03",2176,1254,594,35589,46584,1,"2017-06-02 12:10:07","2015-08-26 21:15:46",0,1
"88",84613584,"Pajaropolitico","AnimalPolitico.com","México","Animal Político es periodismo independiente: información, contexto, exclusivas y las historias que necesitas saber para entender tu día a día. #ElijoAnimal","http://pbs.twimg.com/profile_images/864708513729097728/DaVrG0X6_normal.jpg","https://pbs.twimg.com/profile_banners/84613584/1495561825","Fri Oct 23 15:13:11 +0000 2009","2009-10-23 15:13:11",16893,13282,9243,1598004,486487,1,"2017-06-02 12:18:35","2015-08-26 20:34:58",1,1
"89",84634256,"amparocasar","Ma. Amparo Casar","","","http://pbs.twimg.com/profile_images/378800000182204696/e41709081fc2ac7a2f1a8b79ec3261e2_normal.jpeg",NA,"Fri Oct 23 16:43:59 +0000 2009","2009-10-23 16:43:59",32,448,518,37158,2927,1,"2017-06-02 12:50:41","2015-08-26 21:17:34",0,1
"90",84863504,"carlosramirezh","Carlos Ramírez","México","Oaxaqueño, Lic. en Periodismo y Mtro. en Ciencias Políticas por la BUAP, escritor, analista, columnista político #IndicadorPolitico","http://pbs.twimg.com/profile_images/1612382622/2010_normal.jpg","https://pbs.twimg.com/profile_banners/84863504/1490162635","Sat Oct 24 14:43:28 +0000 2009","2009-10-24 14:43:28",3898,3645,527,25762,26819,1,"2017-06-02 12:51:28","2015-12-01 22:29:17",0,1
"91",88957440,"Imagen_Mx","Imagen Radio","México","Poniendo a México en la misma sintonía ?","http://pbs.twimg.com/profile_images/824333322671312900/KCmrwyoc_normal.jpg","https://pbs.twimg.com/profile_banners/88957440/1494518030","Tue Nov 10 16:01:41 +0000 2009","2009-11-10 16:01:41",1484,251,2104,195519,154012,1,"2017-06-02 13:07:19","2015-08-26 20:47:40",1,1
"92",89327845,"leozuckermann","Leo Zuckermann","México DF","Conductor de “Es la hora de opinar” en FOROtv. Columnista en Excélsior. Comentarista en José Cárdenas Informa en Grupo Fórmula. Correo: leo@opinar.com.mx","http://pbs.twimg.com/profile_images/846524083034476544/P7nDSItD_normal.jpg","https://pbs.twimg.com/profile_banners/89327845/1490661995","Thu Nov 12 00:33:21 +0000 2009","2009-11-12 00:33:21",19,828,2629,605387,6140,1,"2017-06-02 13:37:07","2015-08-26 23:18:07",1,1
"93",89950212,"gerodriguezsl","Gerardo Rodríguez SL","Cholula, CDMX, Naucalpan","Profesor de seguridad nacional y terrorismo. Coordinador académico del Centro de Estudios sobre Impunidad y Justicia @UDLAP. Tuits a título personal.","http://pbs.twimg.com/profile_images/378800000411050849/bb14d275a1a1b583bf003cefef05eb01_normal.png","https://pbs.twimg.com/profile_banners/89950212/1467826671","Sat Nov 14 14:52:34 +0000 2009","2009-11-14 14:52:34",1042,17608,206,32755,5978,1,"2017-06-02 13:40:03","2016-03-01 13:15:26",0,1
"94",93797343,"JoseCardenas1","JOSÉ CÁRDENAS","CDMX","Cuarenta y siete años en el oficio del periodismo y la información","http://pbs.twimg.com/profile_images/465739824272384001/UrbUffCp_normal.jpeg","https://pbs.twimg.com/profile_banners/93797343/1398852736","Tue Dec 01 05:29:34 +0000 2009","2009-12-01 05:29:34",2665,3783,5346,620816,231159,1,"2017-06-02 13:45:08","2015-08-26 21:03:04",1,1
"95",95257207,"PaolaRojas","Paola Rojas","México DF","Instagram @paolarojashinojosa","http://pbs.twimg.com/profile_images/774025667289632770/DJZ4no0m_normal.jpg","https://pbs.twimg.com/profile_banners/95257207/1472881732","Mon Dec 07 18:54:10 +0000 2009","2009-12-07 18:54:10",379,735,5760,1592536,27932,1,"2017-06-02 14:14:47","2015-08-26 21:01:07",1,1
"96",100731315,"ActualidadRT","RT en Español","","El primer canal de TV ruso en español con alcance mundial. Les brindamos las noticias que realmente importan. Lo más relevante del panorama internacional, en RT","http://pbs.twimg.com/profile_images/841920210588336129/_Ia1H1FF_normal.jpg","https://pbs.twimg.com/profile_banners/100731315/1489574319","Thu Dec 31 09:33:16 +0000 2009","2009-12-31 09:33:16",15,78,10007,2514475,390911,1,"2017-06-02 14:25:30","2016-02-29 18:55:21",1,1
"97",102817149,"VILLALVAZO13","ALEJANDRO VILLALVAZO","","Periodista.","http://pbs.twimg.com/profile_images/845805215466999808/QZjfqh2K_normal.jpg",NA,"Thu Jan 07 23:05:04 +0000 2010","2010-01-07 23:05:04",790,199,2298,493436,10544,1,"2017-06-02 14:53:58","2015-08-26 21:03:21",0,1
"98",103033665,"lacronicadehoy","La Crónica de Hoy"," México","La noticia hecha diario","http://pbs.twimg.com/profile_images/1234292992/O_cronica_normal.png","https://pbs.twimg.com/profile_banners/103033665/1487205371","Fri Jan 08 17:05:39 +0000 2010","2010-01-08 17:05:39",200,418,1902,124141,417570,1,"2017-06-02 14:55:11","2015-08-26 20:30:16",0,1
"99",103963822,"mileniotv","Milenio Televisión","México","En esta pantalla sí pasan cosas","http://pbs.twimg.com/profile_images/818462054944079872/rvPVqO44_normal.jpg","https://pbs.twimg.com/profile_banners/103963822/1495572118","Mon Jan 11 20:42:06 +0000 2010","2010-01-11 20:42:06",2,99,3406,604181,256418,1,"2017-06-02 15:33:33","2015-08-26 20:41:05",1,1
"100",104683173,"Excelsior","Periódico Excélsior","Ciudad Imagen ","El Periódico de la Vida Nacional","http://pbs.twimg.com/profile_images/816497799294398464/wiOtMm9v_normal.jpg","https://pbs.twimg.com/profile_banners/104683173/1496355693","Thu Jan 14 02:23:32 +0000 2010","2010-01-14 02:23:32",1213,2533,8119,1425801,489940,1,"2017-06-02 16:00:41","2015-08-04 14:02:20",1,1
"101",108740292,"ExpansionMx","Expansión CNN","México","Expansión en alianza con CNN. Primer portal de noticias sobre economía, finanzas y negocios de México y América Latina. @CNNMex","http://pbs.twimg.com/profile_images/836237358479495174/-UZln5t8_normal.jpg","https://pbs.twimg.com/profile_banners/108740292/1487270464","Tue Jan 26 22:41:22 +0000 2010","2010-01-26 22:41:22",145,140,12368,3846181,442055,1,"2017-06-02 16:51:04","2015-08-26 20:39:42",0,1
"102",109651819,"Foro_TV","FOROtv","México DF","El canal de información de la televisión mexicana","http://pbs.twimg.com/profile_images/859567046740377607/N5y5qLmU_normal.jpg","https://pbs.twimg.com/profile_banners/109651819/1471841370","Fri Jan 29 20:05:47 +0000 2010","2010-01-29 20:05:47",805,550,6215,1288400,412111,1,"2017-06-02 17:24:41","2015-08-26 20:40:30",1,1
"103",110213431,"jorgeramosnews","JORGE RAMOS","América/America  ","Immigrant, journalist and anchor for Fusion's America. Inmigrante, periodista, conductor del Noticiero Univision y Al Punto.","http://pbs.twimg.com/profile_images/1136679713/_T8I5829_normal.jpg",NA,"Sun Jan 31 19:22:36 +0000 2010","2010-01-31 19:22:36",26,98,9649,2958752,17965,1,"2017-06-02 17:57:04","2015-10-02 12:56:15",1,1
"104",110301074,"lydiacachosi","Lydia Cacho","El mundo","Periodista, escritora,feminista, bailadora de salsa,buena cocinera.Autora de Sexo y Amor en Tiempos de Crisis y EN BUSCA DE KAYLA.","http://pbs.twimg.com/profile_images/844354720705605633/vQOkxBgq_normal.jpg","https://pbs.twimg.com/profile_banners/110301074/1490144780","Mon Feb 01 02:30:26 +0000 2010","2010-02-01 02:30:26",48,1563,4530,1169789,23124,1,"2017-06-02 17:57:40","2015-08-26 21:02:48",1,1
"105",111110077,"elsolde_mexico","El Sol de México","Ciudad de México","Periódico Nacional de la @OEMenlinea, la compañía periodística más grande de América Latina. https://t.co/NhvyTi7Q8T Facebook: https://t.co/VCyHEIskpm","http://pbs.twimg.com/profile_images/816626846993416192/yEaw0dRz_normal.jpg","https://pbs.twimg.com/profile_banners/111110077/1496328142","Wed Feb 03 21:08:29 +0000 2010","2010-02-03 21:08:29",249,693,816,47152,209982,1,"2017-06-02 18:00:21","2015-08-26 20:34:11",1,1
"106",111418291,"caudillomx","Jesús Caudillo","México","Hablo y escribo de la relación entre tecnología, política y sociedad. Fundé @politicanlinea y salgo en @EfektoNoticias. Socio fundador de @NosotrxsMX.","http://pbs.twimg.com/profile_images/847303883651112961/r38szBf0_normal.jpg","https://pbs.twimg.com/profile_banners/111418291/1440440416","Thu Feb 04 21:26:02 +0000 2010","2010-02-04 21:26:02",27,907,37,1441,8785,1,"2017-06-02 18:35:54","2015-06-14 04:00:13",0,1
"107",112515706,"aguilarcamin","Héctor Aguilar Camín","Ciudad de México","Escritor, historiador, director de la Revista Nexos","http://pbs.twimg.com/profile_images/492044063609073664/mXj66bJd_normal.jpeg",NA,"Mon Feb 08 19:48:45 +0000 2010","2010-02-08 19:48:45",37,520,2669,438811,9954,1,"2017-06-02 18:35:56","2015-08-26 21:04:21",1,1
"108",115474279,"karlaiberia","Karla Iberia Sánchez","","...Y que vivan las letras y el periodismo; una tarde de edición, y quien cuente una historia. Investigative reporter/TEDSpeaker. Las Noticias 230-TelevisaMx","http://pbs.twimg.com/profile_images/1461044945/KARLA_foto_normal.jpg","https://pbs.twimg.com/profile_banners/115474279/1442404135","Thu Feb 18 19:34:42 +0000 2010","2010-02-18 19:34:42",2322,2061,1611,281268,16865,1,"2017-06-02 19:24:07","2015-08-26 21:06:25",0,1
"109",116913345,"CadenaTres_Mx","CadenaTres","México, Distrito Federal","¡Muchas Gracias!","http://pbs.twimg.com/profile_images/657600864320909313/Hg6zsHFe_normal.jpg","https://pbs.twimg.com/profile_banners/116913345/1445654744","Tue Feb 23 23:50:35 +0000 2010","2010-02-23 23:50:35",21,118,1291,353019,69747,1,"2017-06-02 19:30:36","2015-08-26 20:44:15",0,1
"110",117464443,"jshm00","Jesús Silva-Herzog M","","","http://pbs.twimg.com/profile_images/1090651645/Minister_normal.JPG",NA,"Thu Feb 25 17:02:38 +0000 2010","2010-02-25 17:02:38",2013,895,1742,214442,20240,1,"2017-06-02 19:30:38","2016-03-02 10:47:50",0,1
"111",119051398,"ElFinanciero_Mx","El Financiero","México","En alianza con Bloomberg, El Financiero te da la mejor información de economía, empresas y finanzas.  
http://t.co/6l9YapWgFT","http://pbs.twimg.com/profile_images/837146232241831942/N49igWQD_normal.jpg","https://pbs.twimg.com/profile_banners/119051398/1496289894","Tue Mar 02 14:34:09 +0000 2010","2010-03-02 14:34:09",1998,1393,4821,958923,264269,1,"2017-06-02 19:36:03","2015-08-26 20:22:12",1,1
"112",122114793,"EfektoNoticias","Efekto Noticias","México","234 SKY | 125 iZZi | 163 Totalplay | 159 Megacable o pregunta a tu sistema local https://t.co/mz2wKR5xTr","http://pbs.twimg.com/profile_images/861623685282545664/b0ZLEwEa_normal.jpg","https://pbs.twimg.com/profile_banners/122114793/1496256079","Thu Mar 11 16:53:28 +0000 2010","2010-03-11 16:53:28",4169,599,764,50119,317957,1,"2017-06-02 20:16:28","2015-08-26 20:45:19",0,1
"113",123738178,"TapiaFernanda","Fernanda Tapia‏","México","Fernanda Tapia: DISRUPTORA. TRANSGRESORA. Locutora y conductora sui generis. Si, soy yo.La d las ( o Y o )","http://pbs.twimg.com/profile_images/714288474808049665/l5-Y6qvY_normal.jpg","https://pbs.twimg.com/profile_banners/123738178/1404950337","Wed Mar 17 02:44:50 +0000 2010","2010-03-17 02:44:50",15582,2905,2712,521563,109164,1,"2017-06-02 20:53:48","2016-03-08 09:29:35",1,1
"114",130578337,"maspormas","Máspormás","México, D.F.","En/el medio de la Ciudad.","http://pbs.twimg.com/profile_images/816050982345805824/VpiLeAKs_normal.jpg","https://pbs.twimg.com/profile_banners/130578337/1483396719","Wed Apr 07 18:13:54 +0000 2010","2010-04-07 18:13:54",981,136,767,131035,145675,1,"2017-06-02 21:24:29","2015-08-26 20:34:38",1,1
"115",130995068,"PabloHiriart","Pablo Hiriart","México","Periodista, orgullosamente mexicano","http://pbs.twimg.com/profile_images/854100983638626304/VNEkAQgr_normal.jpg",NA,"Thu Apr 08 23:46:04 +0000 2010","2010-04-08 23:46:04",1419,127,1887,168516,16327,1,"2017-06-02 21:46:03","2015-08-26 21:09:33",0,1
"116",132346487,"jenarovillamil","Jenaro Villamil","México, DF","Escritor y periodista, reportero de @revistaproceso, dirige el blog @homozapp. Autor de La Caida del Telepresidente Instagram: #jenarovillamil.","http://pbs.twimg.com/profile_images/624373597688082432/zcZcH7ss_normal.jpg","https://pbs.twimg.com/profile_banners/132346487/1495032741","Tue Apr 13 00:27:24 +0000 2010","2010-04-13 00:27:24",14570,26560,2469,274953,96955,1,"2017-06-02 21:49:51","2015-08-26 21:09:18",0,1
"117",137136848,"aguirre_alberto","Alberto Aguirre M.","Mexico City","Periodista de tiempo completo. El Economista publica su columna Signos Vitales","http://pbs.twimg.com/profile_images/682322019954880512/cVs581d2_normal.png",NA,"Sun Apr 25 22:44:40 +0000 2010","2010-04-25 22:44:40",142,431442,1221,392334,3505,1,"2017-06-02 22:28:07","2015-08-26 21:03:48",0,1
"118",137474821,"politicomx","POLÍTICO México","México D.F.","Te traemos en 140 caracteres, todo lo relacionado a la #PolíticaMexicana. Suscríbete a nuestro newsletter: https://t.co/LUkm7M5Fdu","http://pbs.twimg.com/profile_images/861636698400215040/ElTL8J84_normal.jpg","https://pbs.twimg.com/profile_banners/137474821/1494094007","Mon Apr 26 21:32:37 +0000 2010","2010-04-26 21:32:37",582,910,490,49619,51441,1,"2017-06-02 22:28:33","2016-02-27 20:01:32",1,1
"119",140217673,"Azteca","TV Azteca","México","¡Te traemos los mejores contenidos de TV Azteca a tus redes sociales! Síguenos también en @AztecaTrece y @AztecaSiete","http://pbs.twimg.com/profile_images/817699578799620098/WMDewaz7_normal.jpg","https://pbs.twimg.com/profile_banners/140217673/1495549910","Tue May 04 22:55:21 +0000 2010","2010-05-04 22:55:21",1602,288,1405,1796562,106227,1,"2017-06-02 23:05:29","2015-08-26 20:43:10",1,1
"120",141668931,"RicardoAlemanMx","Ricardo Alemán","Ciudad de México","Periodista con 30 años de experiencia.  Premio Nacional de Periodismo 2005.","http://pbs.twimg.com/profile_images/816009881429737472/k22_-Do5_normal.jpg","https://pbs.twimg.com/profile_banners/141668931/1483387947","Sat May 08 17:57:42 +0000 2010","2010-05-08 17:57:42",4494,799,1650,135242,169771,1,"2017-06-02 23:15:56","2015-08-26 21:11:29",0,1
"121",142436834,"panchogarfias","Francisco Garfias","Ciudad de México","Periodista, amiguero, puma, francófilo. Admiro la inteligencia. Detesto a los violentos y desubicados. Amo la vida","http://pbs.twimg.com/profile_images/866763161747296256/yFOApDSQ_normal.jpg","https://pbs.twimg.com/profile_banners/142436834/1404225234","Mon May 10 22:05:28 +0000 2010","2010-05-10 22:05:28",400,2555,492,29657,5288,1,"2017-06-03 00:05:38","2015-08-26 21:15:15",0,1
"122",148372339,"Radio_Formula","Grupo Fórmula","Ciudad de Mexico","El grupo de comunicación más influyente de radio hablada e informativa en México","http://pbs.twimg.com/profile_images/832409855772221441/M6MEoCtF_normal.jpg","https://pbs.twimg.com/profile_banners/148372339/1487981821","Wed May 26 14:46:42 +0000 2010","2010-05-26 14:46:42",1388,274,2563,394678,224508,1,"2017-06-03 00:12:21","2015-08-26 20:45:38",1,1
"123",152358615,"lasillarota","La Silla Rota","México, Distrito Federal","Información y análisis que rompen los viejos esquemas de la política. Encuéntranos en Facebook: https://t.co/yl08ANQGt3","http://pbs.twimg.com/profile_images/858074813402722305/htcNcZnK_normal.jpg","https://pbs.twimg.com/profile_banners/152358615/1494956827","Sat Jun 05 18:46:31 +0000 2010","2010-06-05 18:46:31",10776,23648,3429,286715,947202,1,"2017-06-03 00:36:38","2015-08-26 20:35:17",0,1
"124",163552910,"SanjuanaMtz","Sanjuana Martínez","Monterrey","Periodista mexicana comprometida con la justicia social, los derechos humanos y la equidad de género.","http://pbs.twimg.com/profile_images/765424657000390656/I97gdVdz_normal.jpg","https://pbs.twimg.com/profile_banners/163552910/1496123600","Tue Jul 06 18:17:48 +0000 2010","2010-07-06 18:17:48",10154,2635,1630,201966,38458,1,"2017-06-03 01:23:56","2015-08-26 21:11:13",0,1
"125",164287091,"sacroprofano","Andrés Beltramo A.","Ciudad del Vaticano","Corresponsal en Roma. Sobrevivo entre Notimex, Vatican Insider, Alfa&Omega y radio La Red. Cubro la Santa Sede en la era del Papa argentino.","http://pbs.twimg.com/profile_images/696337803874066432/eFBzlHik_normal.jpg","https://pbs.twimg.com/profile_banners/164287091/1454854906","Thu Jul 08 14:10:48 +0000 2010","2010-07-08 14:10:48",1945,1057,266,12088,32732,1,"2017-06-03 01:32:32","2016-02-14 21:09:37",0,1
"126",180851297,"CanalCongreso","Canal del Congreso","Mexico D.F.","Medio de comunicación de servicio público, cuyo objetivo es reseñar y difundir la actividad del Poder Legislativo Mexicano.","http://pbs.twimg.com/profile_images/524978457487233024/mWyOWSMJ_normal.png","https://pbs.twimg.com/profile_banners/180851297/1493834123","Fri Aug 20 17:12:50 +0000 2010","2010-08-20 17:12:50",71,51,1436,140957,192160,1,"2017-06-03 02:05:45","2015-08-26 20:44:31",1,1
"127",190143362,"dmorenochavez","Daniel Moreno","","Periodista. Graduado del CCH Vallejo. Director de Animal Político. #Chivadecorazon. Lo q tuiteo no representa la opinión de Animal Político.","http://pbs.twimg.com/profile_images/860879480021295104/5KuT0Ax7_normal.jpg","https://pbs.twimg.com/profile_banners/190143362/1375312473","Mon Sep 13 05:08:57 +0000 2010","2010-09-13 05:08:57",2383,2107,1046,179436,82969,1,"2017-06-03 02:38:40","2015-08-26 21:13:27",0,1
"128",190603804,"LeonardoCurzio","Leonardo Curzio","México","Conductor Primera Emisión de @EnfoqueNoticias | Comunicación | Periodismo | Política | Radio | Televisión | #Noticias | Columnista https://t.co/0XPeUtgH2a","http://pbs.twimg.com/profile_images/858921206682009600/oHUvVTaH_normal.jpg","https://pbs.twimg.com/profile_banners/190603804/1493616130","Tue Sep 14 11:21:51 +0000 2010","2010-09-14 11:21:51",8367,627,1117,80270,61853,1,"2017-06-03 02:40:28","2015-08-26 21:16:51",0,1
"129",195933066,"DeniseMaerker","Denise Maerker","Mexico","Periodista y conductora de @atandocabos1 y #enPunto. También puedes leer mi columna en @El_Universal_Mx","http://pbs.twimg.com/profile_images/768603801427128320/hoXLNWGw_normal.jpg","https://pbs.twimg.com/profile_banners/195933066/1469059646","Mon Sep 27 22:54:26 +0000 2010","2010-09-27 22:54:26",1008,432,6154,2126720,20725,1,"2017-06-03 02:58:06","2015-08-26 21:00:12",1,1
"130",200932969,"JohnMAckerman","John M. Ackerman","Mexico City","Law Professor @IIJUNAM. Escritor y activista. Doctor en Derecho @UNAM_MX. Doctor en Sociología @UCSC. @MexLawRev @LaJornada @RevistaProceso @ActualidadRT","http://pbs.twimg.com/profile_images/657738089238953984/wHiIxa81_normal.png","https://pbs.twimg.com/profile_banners/200932969/1445651243","Sun Oct 10 17:25:49 +0000 2010","2010-10-10 17:25:49",21999,9826,2602,374788,49217,1,"2017-06-03 03:08:48","2017-01-03 18:11:58",1,1
"131",225101516,"LillyTellez","Lilly Téllez","México","Periodista/ adn40/ sdpnoticias","http://pbs.twimg.com/profile_images/864878151524130818/0rMaW8-x_normal.jpg","https://pbs.twimg.com/profile_banners/225101516/1494974330","Fri Dec 10 17:52:26 +0000 2010","2010-12-10 17:52:26",3432,822,350,73434,13052,1,"2017-06-03 03:56:52","2017-03-28 15:17:44",0,1
"132",233367121,"FernandoDworak","Fernando Dworak","México D.F.","Analista y consultor político. Experto en temas legislativos.","http://pbs.twimg.com/profile_images/451014495494627328/uGqbrjzZ_normal.jpeg","https://pbs.twimg.com/profile_banners/233367121/1395628813","Mon Jan 03 01:50:31 +0000 2011","2011-01-03 01:50:31",611,2745,242,8366,47894,1,"2017-06-03 04:12:12","2016-03-01 13:16:26",0,1
"133",236636515,"lopezdoriga","Joaquín López-Dóriga","Ciudad de México","Periodista. #Televisa #RadioFórmula #TeleFormula Escribo en #Milenio. https://t.co/LQcyeEAiIr Periscope. #SoyPuma","http://pbs.twimg.com/profile_images/809562467571355648/7qkXyJpg_normal.jpg","https://pbs.twimg.com/profile_banners/236636515/1482886091","Tue Jan 11 01:32:54 +0000 2011","2011-01-11 01:32:54",663,1314,14585,7636651,178657,1,"2017-06-03 04:14:14","2015-08-26 20:54:28",1,1
"134",244218738,"SinEmbargoMX","Sin Embargo MX","México","Periodismo digital con rigor. Todas las voces. Las mejores plumas. Sin Censura. Sin Intereses. 
Sigan también a @SinEmbargoTR","http://pbs.twimg.com/profile_images/864258606115340288/4m8KgY_q_normal.jpg","https://pbs.twimg.com/profile_banners/244218738/1489608037","Fri Jan 28 20:21:23 +0000 2011","2011-01-28 20:21:23",49,304,5508,1070760,694516,1,"2017-06-03 04:48:04","2015-08-26 20:21:05",1,1
"135",264380418,"DrLorenzoMeyer","Lorenzo Meyer","Ciudad de México","Lorenzo Meyer es actualmente profesor emérito de El Colegio de México y miembro emérito del Sistema Nacional de Investigadores del CONACYT.","http://pbs.twimg.com/profile_images/705966584540430336/Q0UFJYYl_normal.jpg","https://pbs.twimg.com/profile_banners/264380418/1475187034","Fri Mar 11 20:25:01 +0000 2011","2011-03-11 20:25:01",27,43,1488,203424,278,1,"2017-06-03 05:41:40","2017-01-03 18:14:53",0,1
"136",300286228,"carloselizondom","Carlos Elizondo MS","México","Académico del Tec. Columnista en Excélsior. Analista para Radio Fórmula y UnoTV. Mi último libro: Con dinero y sin dinero. Es sobre impuestos y gasto público.","http://pbs.twimg.com/profile_images/1365997407/C_Elizondo_normal.jpg","https://pbs.twimg.com/profile_banners/300286228/1392932658","Tue May 17 14:22:13 +0000 2011","2011-05-17 14:22:13",67,325,854,64893,6301,1,"2017-06-03 06:05:48","2015-08-26 21:13:43",0,1
"137",321702720,"J_Fdz_Menendez","Jorge Fernández M.","","Cuenta oficial de Jorge Fernández Menéndez, periodista, conductor de Todo Personal en Proyecto 40. Columna Razones en el periódico Excelsior","http://pbs.twimg.com/profile_images/829782067252654080/NHxMd62g_normal.jpg","https://pbs.twimg.com/profile_banners/321702720/1484362079","Wed Jun 22 00:33:28 +0000 2011","2011-06-22 00:33:28",3783,451,882,322190,15348,1,"2017-06-03 06:16:55","2015-08-26 21:09:47",1,1
"138",357050985,"diario24horas","24 HORAS","México","El primer periódico sin costo, con información propia y de primera mano.","http://pbs.twimg.com/profile_images/603293739767857152/FQdwOp-D_normal.jpg","https://pbs.twimg.com/profile_banners/357050985/1486395949","Wed Aug 17 19:30:28 +0000 2011","2011-08-17 19:30:28",1057,528,2257,307478,523704,1,"2017-06-03 06:27:36","2015-08-26 20:23:33",1,1
"139",362473815,"SergioSarmiento","Sergio Sarmiento","México","Periodista. Columna Jaque Mate. La Red de Radio Red. La Entrevista con Sarmiento. Rocha y Sarmiento","http://pbs.twimg.com/profile_images/748475642719571968/NMrWKLj9_normal.jpg","https://pbs.twimg.com/profile_banners/362473815/1368118304","Fri Aug 26 13:19:12 +0000 2011","2011-08-26 13:19:12",8475,626,1858,279743,14280,1,"2017-06-03 07:03:07","2015-08-26 21:06:42",0,1
"140",364528766,"ElHuffPost","El HuffPost","Madrid, Spain","▶Facebook https://t.co/jykEKc6lz9            

▶Telegram  https://t.co/FXGilLu28b

▶Android https://t.co/5Rh1REb8e0

▶iOS  https://t.co/SdOb9Ky4cy","http://pbs.twimg.com/profile_images/856705612486455298/uNMf_zXU_normal.jpg","https://pbs.twimg.com/profile_banners/364528766/1484247044","Mon Aug 29 22:39:03 +0000 2011","2011-08-29 22:39:03",700,1336,8089,434829,181712,1,"2017-06-03 07:04:47","2016-02-29 18:55:50",1,1
"141",380567317,"ADNPolitico","ADNPolítico","México","Las principales noticias sobre política en México. De @ExpansionMx en alianza con CNN.","http://pbs.twimg.com/profile_images/514515291053625345/X-d7cCy3_normal.png","https://pbs.twimg.com/profile_banners/380567317/1461968596","Mon Sep 26 21:28:08 +0000 2011","2011-09-26 21:28:08",176,21387,2942,485521,111850,1,"2017-06-03 07:40:44","2015-08-26 23:08:47",1,1
"142",390356716,"hdemauleon","Héctor de Mauleón","","Escritor y periodista","http://pbs.twimg.com/profile_images/826082649374535682/75QWHve8_normal.jpg",NA,"Thu Oct 13 21:13:48 +0000 2011","2011-10-13 21:13:48",100564,1325,749,63259,33616,1,"2017-06-03 08:12:35","2016-03-01 13:18:47",0,1
"143",435299501,"DeniseDresserG","Denise Dresser","Ciudad de México","Politóloga, escritora, activista y tuitera. Autora de El país de uno: reflexiones para entender y cambiar a México. conferencias@denisedresser.com","http://pbs.twimg.com/profile_images/548992032727781376/5IQ6oII1_normal.jpeg","https://pbs.twimg.com/profile_banners/435299501/1419725054","Mon Dec 12 22:17:03 +0000 2011","2011-12-12 22:17:03",11181,463,5862,3526596,28280,1,"2017-06-03 08:26:26","2016-03-01 13:18:30",1,1
"144",520653311,"AristeguiOnline","Aristegui Noticias","México, DF","Esta cuenta es administrada por Carmen Aristegui y el equipo de Aristegui Noticias. Los tuits de Carmen se firmarán como “-C. Aristegui” o “-C.”.","http://pbs.twimg.com/profile_images/824000057422680065/bjooPPGw_normal.jpg","https://pbs.twimg.com/profile_banners/520653311/1484692694","Sat Mar 10 19:08:28 +0000 2012","2012-03-10 19:08:28",58,8,13143,7401349,180493,1,"2017-06-03 09:05:29","2015-08-26 20:35:51",1,0
"145",573192307,"slayllon","Sergio Lopez Ayllon","Ciudad de Mexico","Director General del CIDE y profesor  investigador de la división de estudios Jurídicos. Miembro del Sistema Nacional de Investigadores.","http://pbs.twimg.com/profile_images/378800000339381494/6989105a85c9ecda354c99a2049cff8d_normal.jpeg",NA,"Mon May 07 01:38:56 +0000 2012","2012-05-07 01:38:56",109,73,108,7084,1185,1,"2017-06-03 10:15:15","2016-03-01 13:14:38",0,1
"146",633546513,"GmoCejudo","Guillermo M. Cejudo","Ciudad de México","Profesor-investigador del CIDE. Interesado en políticas públicas, federalismo y rendición de cuentas.","http://pbs.twimg.com/profile_images/491780238016528384/Q3tQ7w91_normal.jpeg","https://pbs.twimg.com/profile_banners/633546513/1492054681","Thu Jul 12 04:51:00 +0000 2012","2012-07-12 04:51:00",2271,602,122,5455,7967,1,"2017-06-03 10:23:28","2016-03-01 13:14:23",0,1
"147",946901479,"almorenoal","Alejandro Moreno","Mexico","Political Scientist & Public Opinion Researcher / ITAM / El Financiero / World Values Survey / Latinobarómetro","http://pbs.twimg.com/profile_images/780976942308732930/qs54pTN3_normal.jpg",NA,"Wed Nov 14 02:08:19 +0000 2012","2012-11-14 02:08:19",1719,681,83,3616,3008,1,"2017-06-03 10:38:24","2016-03-01 13:18:16",0,1
"148",965591899,"ElNopalTimes","El Nopal Times","","https://t.co/cTKOfH7kWs. #CHU TEAM","http://pbs.twimg.com/profile_images/687855147397984256/GFpSRC_Q_normal.png","https://pbs.twimg.com/profile_banners/965591899/1457057192","Fri Nov 23 06:15:59 +0000 2012","2012-11-23 06:15:59",4011,1634,50,30616,2108,1,"2017-06-03 10:39:52","2016-09-27 20:37:56",0,1
"149",1363739047,"JACrespo1","José Antonio Crespo","Ciudad de México","Analísta político. Profesor/Investigador del CIDE. Comentarista con @JoseCardenas1. Panelista de Primer Plano en @CanalOnceTV. Articulista en @El_Universal_Mx","http://pbs.twimg.com/profile_images/461229694084345856/7A1bDqAD_normal.jpeg",NA,"Fri Apr 19 06:25:57 +0000 2013","2013-04-19 06:25:57",657,139,188,12644,1922,1,"2017-06-03 11:03:09","2016-03-01 13:10:33",0,1
"150",1839187771,"MT_enMEXICO","MT_enMEXICO","","Mientras tanto en México.
Sin temor a la verdad. Política nacional e internacional. Prensa independiente, libre y crítica. https://t.co/xoSVZjfbdQ","http://pbs.twimg.com/profile_images/864489986413875200/lV3htYEl_normal.jpg","https://pbs.twimg.com/profile_banners/1839187771/1456857770","Mon Sep 09 04:10:39 +0000 2013","2013-09-09 04:10:39",6445,541,324,75121,34779,1,"2017-06-03 11:09:04","2016-09-27 20:36:55",0,1
"151",1935742783,"CiroGomezL","Ciro Gómez Leyva","","Periodista. Conductor de #PorLaMañana en @radio_formula y de #ImagenNoticias en @ImagenTVMex. Tuits de Ciro Gómez Leyva: CGL y #MenosDe140","http://pbs.twimg.com/profile_images/801986299674566657/o-M8euMx_normal.jpg","https://pbs.twimg.com/profile_banners/1935742783/1494042628","Fri Oct 04 22:52:06 +0000 2013","2013-10-04 22:52:06",486,332,1045,210415,27622,1,"2017-06-03 11:19:07","2015-08-26 21:13:13",1,1
"152",2347049341,"voxdotcom","Vox","","Understand the news.","http://pbs.twimg.com/profile_images/807306191395241984/s8xmWAvU_normal.jpg","https://pbs.twimg.com/profile_banners/2347049341/1413926998","Sun Feb 16 15:46:00 +0000 2014","2014-02-16 15:46:00",1955,214,12872,587320,59703,1,"2017-06-03 11:39:09","2016-02-29 18:59:55",1,1
"153",2515737014,"politicanlinea","Política en Línea","México","Creamos el Ranking de Influencia en Twitter de Políticos, Medios y Periodistas Mexicanos. Analizamos la conversación pública en plataformas digitales.","http://pbs.twimg.com/profile_images/661636262713929728/qls19C1d_normal.jpg","https://pbs.twimg.com/profile_banners/2515737014/1446581402","Thu May 22 15:50:29 +0000 2014","2014-05-22 15:50:29",9,263,15,303,560,1,"2017-06-03 12:09:12","2016-03-02 12:10:54",0,0
