"","id_tweet","id_twitter","created_at","created_at_datetime","in_reply_to_user_id","in_reply_to_status_id","in_reply_to_screen_name","text","retweet_count","favorite_count","longitude","latitude","retweeted","creation_date","modification_date","RT_temp","is_retweeted"
"1",816356280331710464,264380418,"Tue Jan 03 18:51:19 +0000 2017","2017-01-03 18:51:19",NA,NA,"","Unos dicen que el repudio al #gasolinazo es débil (El Financiero) y otros que se multiplica (La Jornada). ¿Dónde estará la realidad?",416,318,0,0,0,"2017-01-03 19:26:34","2017-06-03 06:41:40",0,0
"2",816021009727913984,264380418,"Mon Jan 02 20:39:04 +0000 2017","2017-01-02 20:39:04",NA,NA,"","Hay etapas históricas que se explican mucho por el liderazgo -juarismo o cardenismo- y otras por su ausencia, como es el caso de México hoy",1351,1159,0,0,0,"2017-01-03 19:26:35","2017-06-03 06:41:40",0,0
"3",813540215780507648,264380418,"Tue Dec 27 00:21:16 +0000 2016","2016-12-27 00:21:16",NA,NA,"","En Chile, un puñado de pinochetistas condenados por sus crímenes van a expresar públicamente su arrepentimiento ¿lo aceptarán las víctimas?",175,186,0,0,0,"2017-01-03 19:26:35","2017-06-03 06:41:40",0,0
"4",812369928162406400,264380418,"Fri Dec 23 18:50:58 +0000 2016","2016-12-23 18:50:58",NA,NA,"","#odebrecht la gran empresa constructora brasileña, declaró en corte de E.U. que pagó sobornos en México ¿exactamente a quién y cuanto?",605,370,0,0,0,"2017-01-03 19:26:35","2017-06-03 06:41:40",0,0
"5",812009555131592704,264380418,"Thu Dec 22 18:58:59 +0000 2016","2016-12-22 18:58:59",NA,NA,"","Les comparto mi artículo de la semana: Construir un 'poder blando' https://t.co/mz68sfykaG",106,102,0,0,0,"2017-01-03 19:26:35","2017-06-03 06:41:40",0,0
"6",809828932233134080,264380418,"Fri Dec 16 18:33:57 +0000 2016","2016-12-16 18:33:57",NA,NA,"","SI LA BRUTAL GOLPIZA QUE 4 INDIVIDUOS DIERON @AnaGGuevara NO RECIBE UNA RESPUESTA EJEMPLAR, LA IMPUNIDAD HABRA ALCANZADO UNA NUEVA CIMA",278,245,0,0,0,"2017-01-03 19:26:46","2017-06-03 06:41:40",0,0
"7",809463516314877952,264380418,"Thu Dec 15 18:21:56 +0000 2016","2016-12-15 18:21:56",NA,NA,"","Les comparto mi artículo de la semana: El general en nuestro laberinto https://t.co/52yJThpiUS",117,110,0,0,0,"2017-01-03 19:26:46","2017-06-03 06:41:40",0,0
"8",808741265462489088,264380418,"Tue Dec 13 18:31:58 +0000 2016","2016-12-13 18:31:58",NA,NA,"","Al recibir el Nobel el presidente de Colombia dijo: la guerra contra las drogas no se está ganando. Él sabe de esto y México debería oírlo",369,345,0,0,0,"2017-01-03 19:26:57","2017-06-03 06:41:40",0,0
"9",806936885771767808,264380418,"Thu Dec 08 19:02:00 +0000 2016","2016-12-08 19:02:00",NA,NA,"","Les comparto mi artículo de la semana: Entre Santa Anna y Cárdenas. ¿Como defender a México? https://t.co/WPYJFYKW3W",189,196,0,0,0,"2017-01-03 19:26:57","2017-06-03 06:41:40",0,0
"10",806588534815674368,264380418,"Wed Dec 07 19:57:47 +0000 2016","2016-12-07 19:57:47",NA,NA,"","Hasta la mejor sociedad (¿la danesa?) tiene fallas. En México, la crítica del sistema político es un deber cívico y una obligación moral",486,559,0,0,0,"2017-01-03 19:27:02","2017-06-03 06:41:40",0,0
"11",806211811695611904,264380418,"Tue Dec 06 19:00:49 +0000 2016","2016-12-06 19:00:49",NA,NA,"","A la venta mi nuevo libro: Distopía mexicana https://t.co/yM4lJ6SYLr https://t.co/o617oU6ilW",161,237,0,0,0,"2017-01-03 19:27:02","2017-06-03 06:41:40",0,0
"12",804394159197011968,264380418,"Thu Dec 01 18:38:07 +0000 2016","2016-12-01 18:38:07",NA,NA,"","Les comparto mi artículo de la semana: Fidel y el imperio https://t.co/Gm0q5LY9S5",128,156,0,0,0,"2017-01-03 19:27:12","2017-06-03 06:41:40",0,0
"13",804027492826759168,264380418,"Wed Nov 30 18:21:07 +0000 2016","2016-11-30 18:21:07",NA,NA,"","En México se usó que el presidente entrante se distanciara del saliente, pero en USA va a ser a lo bestia. Ya veremos que queda de Obama",156,212,0,0,0,"2017-01-03 19:27:22","2017-06-03 06:41:40",0,0
"14",803675095776579584,264380418,"Tue Nov 29 19:00:49 +0000 2016","2016-11-29 19:00:49",NA,NA,"","La dimensión de Fidel la dan sus enemigos, en particular los presidentes norteamericanos a partir de Eisenhower, excluyendo a Obama",264,339,0,0,0,"2017-01-03 19:27:22","2017-06-03 06:41:40",0,0
"15",803314015762051072,264380418,"Mon Nov 28 19:06:00 +0000 2016","2016-11-28 19:06:00",NA,NA,"","Como líder del nacionalismo cubano y latinoamericano Fidel no tuvo rival. Claro que el costo pagado por Cuba fue, y sigue siendo, enorme",246,322,0,0,0,"2017-01-03 19:27:22","2017-06-03 06:41:40",0,0
"16",802244073532821504,264380418,"Fri Nov 25 20:14:26 +0000 2016","2016-11-25 20:14:26",NA,NA,"","Un columnista en E.U. afirma “no aceptaré como jefe de Estado a quien ataca al Estado [de Derecho]” Se refiere a Trump, pero  vale para acá",262,323,0,0,0,"2017-01-03 19:27:22","2017-06-03 06:41:40",0,0
"17",801850015463378944,264380418,"Thu Nov 24 18:08:35 +0000 2016","2016-11-24 18:08:35",NA,NA,"","Les comparto mi artículo de la semana: De nacionalismos https://t.co/sqD3pcVBwN",100,120,0,0,0,"2017-01-03 19:27:22","2017-06-03 06:41:40",0,0
"18",801560185714147328,264380418,"Wed Nov 23 22:56:55 +0000 2016","2016-11-23 22:56:55",NA,NA,"","RT @AristeguiOnline: Drogaron a conserje, allanaron la redacción de #AristeguiNoticias y robaron computadora https://t.co/l0HIzpXyID https:…",1370,0,0,0,0,"2017-01-03 19:27:33","2017-06-03 06:41:40",1,1
"19",801553072682074112,264380418,"Wed Nov 23 22:28:39 +0000 2016","2016-11-23 22:28:39",NA,NA,"","!Hail Trump! Saludo que se pronunció en EU. Esperemos que sea una manifestación aislada y no el principio de una corriente de opinión.",124,138,0,0,0,"2017-01-03 19:27:39","2017-06-03 06:41:40",0,0
"20",801125894177878016,264380418,"Tue Nov 22 18:11:12 +0000 2016","2016-11-22 18:11:12",NA,NA,"","¡30 asesinatos en un solo día en Guerrero! El fracaso de @FelipeCalderon y @EPN en materia de seguridad pide a gritos un nuevo enfoque",435,267,0,0,0,"2017-01-03 19:27:39","2017-06-03 06:41:40",0,0
"21",799716798945894400,264380418,"Fri Nov 18 20:51:57 +0000 2016","2016-11-18 20:51:57",NA,NA,"","Encarcelar a Padrés esta bien, pero no quita responsabilidad al gob. federal. Por años supo de sus delitos y de los otros colegas prófugos",518,464,0,0,0,"2017-01-03 19:27:39","2017-06-03 06:41:40",0,0
"22",799310387514580992,264380418,"Thu Nov 17 17:57:01 +0000 2016","2016-11-17 17:57:01",NA,NA,"","Les comparto mi artículo de la semana: La rebelión de las masas (en EU) https://t.co/oecjzlreu9?ssr=true",163,136,0,0,0,"2017-01-03 19:27:39","2017-06-03 06:41:40",0,0
"23",798593508986777600,264380418,"Tue Nov 15 18:28:24 +0000 2016","2016-11-15 18:28:24",NA,NA,"","La reacción oficial en #México ante el #trumpismo es: “no hay de qué preocuparse”. Bueno, eso es de preocupar, y mucho",246,225,0,0,0,"2017-01-03 19:27:50","2017-06-03 06:41:40",0,0
"24",796790539437776896,264380418,"Thu Nov 10 19:04:02 +0000 2016","2016-11-10 19:04:02",NA,NA,"","Les comparto mi artículo de la semana: México, 'daño colateral' https://t.co/zxRCbeYuvI",168,158,0,0,0,"2017-01-03 19:27:51","2017-06-03 06:41:40",0,0
"25",796430361823612928,264380418,"Wed Nov 09 19:12:49 +0000 2016","2016-11-09 19:12:49",NA,NA,"","#Trump logro movilizar a los ""condenados de la tierra"" desde la derecha y puso como adversario no al neoliberalismo sino los indocumentados",408,392,0,0,0,"2017-01-03 19:28:02","2017-06-03 06:41:40",0,0
"26",796063823551557632,264380418,"Tue Nov 08 18:56:20 +0000 2016","2016-11-08 18:56:20",NA,NA,"","El problema no es #Trump sino el #trumpismo. Conviene entenderlo en su raíz, pues eso es lo que nos va a seguir afectando",253,247,0,0,0,"2017-01-03 19:28:02","2017-06-03 06:41:40",0,0
"27",794251958756380672,264380418,"Thu Nov 03 18:56:38 +0000 2016","2016-11-03 18:56:38",NA,NA,"","Les comparto mi artículo de la semana. El despertar de los presidentes https://t.co/pEG3Agz4vi",167,170,0,0,0,"2017-01-03 19:28:02","2017-06-03 06:41:40",0,0
"28",793547904031916032,264380418,"Tue Nov 01 20:18:58 +0000 2016","2016-11-01 20:18:58",NA,NA,"","Que la elección presidencial norteamericana en curso nos preocupe en extremo, es un indicador de nuestra vulnerabilidad frente al vecino",566,591,0,0,0,"2017-01-03 19:28:14","2017-06-03 06:41:40",0,0
"29",793153827029606400,264380418,"Mon Oct 31 18:13:03 +0000 2016","2016-10-31 18:13:03",NA,NA,"","Quizá el objetivo del gobernante no es “joder a México” pero al anteponer sus intereses personales al respeto a la legalidad “jode a México”",428,354,0,0,0,"2017-01-03 19:28:14","2017-06-03 06:41:40",0,0
"30",792144719518113792,264380418,"Fri Oct 28 23:23:13 +0000 2016","2016-10-28 23:23:13",NA,NA,"","Les comparto mi artículo de la semana: Ricos a la cabeza de pobres https://t.co/jOnY50Xab6",127,113,0,0,0,"2017-01-03 19:28:14","2017-06-03 06:41:40",0,0
"31",791337419433922560,264380418,"Wed Oct 26 17:55:17 +0000 2016","2016-10-26 17:55:17",NA,NA,"","Dice @EPN: ningún presidente se levanta pensando “como joder a México”. Es cierto, lo joden sin siquiera llegar a pensar",471,431,0,0,0,"2017-01-03 19:28:23","2017-06-03 06:41:40",0,0
"32",791019105885097984,264380418,"Tue Oct 25 20:50:25 +0000 2016","2016-10-25 20:50:25",NA,NA,"","Sería de risa de no ser por lo serio de sus consecuencias, tener tanto exgobernador huido y pretender que México tiene un Estado de derecho",1552,1185,0,0,0,"2017-01-03 19:28:24","2017-06-03 06:41:40",0,0
"33",789157217127628800,264380418,"Thu Oct 20 17:31:57 +0000 2016","2016-10-20 17:31:57",NA,NA,"","Les comparto mi artículo de la semana: Sudar decisiones ajenas https://t.co/1Yxl2Hlf78",127,127,0,0,0,"2017-01-03 19:28:24","2017-06-03 06:41:40",0,0
"34",788441372323827712,264380418,"Tue Oct 18 18:07:26 +0000 2016","2016-10-18 18:07:26",NA,NA,"","En vivo México - EE.UU los peligros de la coyuntura @elcolmex https://t.co/VQXirNkzK0",25,35,0,0,0,"2017-01-03 19:28:34","2017-06-03 06:41:40",0,0
"35",788440748635021312,264380418,"Tue Oct 18 18:04:57 +0000 2016","2016-10-18 18:04:57",NA,NA,"","J. Meacham del @nytimes sostiene que Darwin se equivocó: #Trump prueba que hay políticos que pueden evolucionar de humanos a gorilas",143,181,0,0,0,"2017-01-03 19:28:46","2017-06-03 06:41:40",0,0
"36",788108767204249600,264380418,"Mon Oct 17 20:05:47 +0000 2016","2016-10-17 20:05:47",NA,NA,"","Si el proceso legal contra @Javier_Duarte no resulta ejemplar, más le valiera al gobierno no haber buscado al chivo expiatorio en Veracruz",311,281,0,0,0,"2017-01-03 19:28:46","2017-06-03 06:41:40",0,0
"37",788064813725265920,264380418,"Mon Oct 17 17:11:07 +0000 2016","2016-10-17 17:11:07",NA,NA,"","En vivo Encuentro México - EE.UU: Los peligros de la coyuntura https://t.co/6xbPF6tcRy",28,40,0,0,0,"2017-01-03 19:28:46","2017-06-03 06:41:40",0,0
"38",786620813453635584,264380418,"Thu Oct 13 17:33:11 +0000 2016","2016-10-13 17:33:11",NA,NA,"","Les comparto mi artículo de la semana: Nos movemos ¿hacia el siglo XIX? 
https://t.co/5s4Bqy1vlv",187,160,0,0,0,"2017-01-03 19:28:56","2017-06-03 06:41:40",0,0
"39",786265592902725632,264380418,"Wed Oct 12 18:01:40 +0000 2016","2016-10-12 18:01:40",NA,NA,"","Veracruz entre corrupción e inseguridad. La renuncia de @Javier_Duarte al final de su mandato no significa castigo: debería ser procesado",609,469,0,0,0,"2017-01-03 19:29:06","2017-06-03 06:41:40",0,0
"40",786254638215368704,264380418,"Wed Oct 12 17:18:08 +0000 2016","2016-10-12 17:18:08",NA,NA,"","RT @elcolmex: Aparta la fecha para el #Encuentro México-EE.UU.: Los peligros de la coyuntura. 17 y 18 de octubre, salón 5524 #Colmex #Entra…",30,0,0,0,0,"2017-01-03 19:29:06","2017-06-03 06:41:40",1,1
"41",785903581664714752,264380418,"Tue Oct 11 18:03:09 +0000 2016","2016-10-11 18:03:09",NA,NA,"","La inseguridad en el siglo 19 o durante la Revolución se explica porque en la práctica no había Estado. ¿Y ahora? Porque el que hay no sirve",446,343,0,0,0,"2017-01-03 19:29:06","2017-06-03 06:41:40",0,0
"42",784105194590056448,264380418,"Thu Oct 06 18:57:01 +0000 2016","2016-10-06 18:57:01",NA,NA,"","""Crece 49% robo en carreteras"" A esta velocidad vamos que volamos a reencontrarnos con el México del siglo xix",232,156,0,0,0,"2017-01-03 19:29:06","2017-06-03 06:41:40",0,0
"43",784071680922492928,264380418,"Thu Oct 06 16:43:50 +0000 2016","2016-10-06 16:43:50",NA,NA,"","Les comparto mi artículo de la semana: Piedras
https://t.co/hop8gWKr1m",91,100,0,0,0,"2017-01-03 19:29:06","2017-06-03 06:41:40",0,0
"44",783419447184797696,264380418,"Tue Oct 04 21:32:06 +0000 2016","2016-10-04 21:32:06",NA,NA,"","El “no” al acuerdo por la paz en Colombia nos muestra que, a veces, es más difícil terminar una guerra que iniciarla",220,271,0,0,0,"2017-01-03 19:29:17","2017-06-03 06:41:40",0,0
"45",781930976507105280,264380418,"Fri Sep 30 18:57:27 +0000 2016","2016-09-30 18:57:27",NA,NA,"","¿El asalto a los trenes para robar mercancía significa que estamos de regreso al México de inicios del siglo XIX?",282,286,0,0,0,"2017-01-03 19:29:17","2017-06-03 06:41:40",0,0
"46",781565846766227456,264380418,"Thu Sep 29 18:46:33 +0000 2016","2016-09-29 18:46:33",NA,NA,"","Les comparto mi artículo de la semana: Cuando dos son una eternidad. 
https://t.co/WhnVZ2sCze",147,108,0,0,0,"2017-01-03 19:29:17","2017-06-03 06:41:40",0,0
"47",781526820994678784,264380418,"Thu Sep 29 16:11:28 +0000 2016","2016-09-29 16:11:28",NA,NA,"","El reconocimiento a @sergioaguayo por su activismo social es más que merecido.",206,364,0,0,0,"2017-01-03 19:29:27","2017-06-03 06:41:40",0,0
"48",781221181533806592,264380418,"Wed Sep 28 19:56:58 +0000 2016","2016-09-28 19:56:58",NA,NA,"","Realmente ¿Expulsar del #PRI a @Javier_Duarte es un castigo?",74,74,0,0,0,"2017-01-03 19:29:28","2017-06-03 06:41:40",0,0
"49",780483161176236032,264380418,"Mon Sep 26 19:04:20 +0000 2016","2016-09-26 19:04:20",NA,NA,"","La tragedia de #Ayotzinapa resalta las peores características del grupo en el poder en México: corrupción, ineptitud e insensibilidad.",607,430,0,0,0,"2017-01-03 19:29:28","2017-06-03 06:41:40",0,0
"50",779379588359041024,264380418,"Fri Sep 23 17:59:08 +0000 2016","2016-09-23 17:59:08",NA,NA,"","Frente a un posible triunfo de @realDonaldTrump en EE UU, en México no se tiene un “Plan B”",70,66,0,0,0,"2017-01-03 19:29:28","2017-06-03 06:41:40",0,0
"51",779045480139333632,264380418,"Thu Sep 22 19:51:31 +0000 2016","2016-09-22 19:51:31",NA,NA,"","Les comparto mi artículo de la semana: De orfandades 
https://t.co/IJLV9LFupk?ssr=true",92,84,0,0,0,"2017-01-03 19:29:28","2017-06-03 06:41:40",0,0
"52",779031886169374720,264380418,"Thu Sep 22 18:57:30 +0000 2016","2016-09-22 18:57:30",NA,NA,"","Se dijo: los salvadoreños se sienten “huérfanos de patria”. Pues en México la ausencia que se siente es la de un gobierno digno de la patria",252,251,0,0,0,"2017-01-03 19:29:39","2017-06-03 06:41:40",0,0
"53",778424213480714240,264380418,"Wed Sep 21 02:42:49 +0000 2016","2016-09-21 02:42:49",NA,NA,"","#PaseDeLista1al43 con @epigmenioibarra",90,88,0,0,0,"2017-01-03 19:29:39","2017-06-03 06:41:40",0,0
"54",777965301501599744,264380418,"Mon Sep 19 20:19:16 +0000 2016","2016-09-19 20:19:16",NA,NA,"","Muchas gracias a @leonardocurzio por su generoso contenido. https://t.co/EMuJyNQrZa",51,102,0,0,0,"2017-01-03 19:29:39","2017-06-03 06:41:40",0,0
"55",776492250171715584,264380418,"Thu Sep 15 18:45:53 +0000 2016","2016-09-15 18:45:53",NA,NA,"","Les comparto mi artículo de la semana: ¿Que cambió?
https://t.co/aCFK8JFRwX",132,118,0,0,0,"2017-01-03 19:29:50","2017-06-03 06:41:40",0,0
"56",775752236601192448,264380418,"Tue Sep 13 17:45:20 +0000 2016","2016-09-13 17:45:20",NA,NA,"","Desde el siglo XIX la deuda pública mexicana se contrata para resolver problemas de corto plazo pero hipoteca el largo plazo",268,234,0,0,0,"2017-01-03 19:30:00","2017-06-03 06:41:40",0,0
"57",775379581658202112,264380418,"Mon Sep 12 17:04:32 +0000 2016","2016-09-12 17:04:32",NA,NA,"","El recorte presupuestal actual coloca a #México ,de nuevo, frente a un tema que traemos arrastrando desde la independencia: la deuda pública",343,223,0,0,0,"2017-01-03 19:30:00","2017-06-03 06:41:40",0,0
"58",773899037669888000,264380418,"Thu Sep 08 15:01:23 +0000 2016","2016-09-08 15:01:23",NA,NA,"","Les comparto mi artículo de la semana: ¿Honor? ¡Error y horror! 
https://t.co/cMheAOqyna",177,173,0,0,0,"2017-01-03 19:30:00","2017-06-03 06:41:40",0,0
"59",773174626515955712,264380418,"Tue Sep 06 15:02:50 +0000 2016","2016-09-06 15:02:50",NA,NA,"","Si realmente fue @LVidegaray quien propuso y armó la malhadada visita de Trump ¿Quién es realmente la cabeza del gobierno mexicano?",476,442,0,0,0,"2017-01-03 19:30:11","2017-06-03 06:41:40",0,0
"60",772474835691634688,264380418,"Sun Sep 04 16:42:07 +0000 2016","2016-09-04 16:42:07",NA,NA,"","CCP @GobiernoJalisco  https://t.co/x8KJe4lzMU",167,43,0,0,0,"2017-01-03 19:30:11","2017-06-03 06:41:40",0,0
"61",771739492009082880,264380418,"Fri Sep 02 16:00:07 +0000 2016","2016-09-02 16:00:07",NA,NA,"","En el juego del poder se toman grandes riesgos sólo si se esperan grandes ganancias ¿qué ganancia se esperaba invitando a Trump a México?",445,391,0,0,0,"2017-01-03 19:30:21","2017-06-03 06:41:40",0,0
"62",771512986137726976,264380418,"Fri Sep 02 01:00:04 +0000 2016","2016-09-02 01:00:04",NA,NA,"","Les comparto mi artículo de la semana: Y ahora, a frenar gobernadores  https://t.co/TA6mxKL5QQ?ssr=true",112,84,0,0,0,"2017-01-03 19:30:21","2017-06-03 06:41:40",0,0
"63",771498358334754816,264380418,"Fri Sep 02 00:01:57 +0000 2016","2016-09-02 00:01:57",NA,NA,"","¿Qué ganó México con la invitación de @EPN a Trump? nada ¿Que ganó Trump? reafirmar que México pagará 100% por la muralla que él construirá",496,331,0,0,0,"2017-01-03 19:30:32","2017-06-03 06:41:40",0,0
"64",771053133892116480,264380418,"Wed Aug 31 18:32:47 +0000 2016","2016-08-31 18:32:47",NA,NA,"","La UP admite que en la tesis de @EPN hubo plagio, pero como es un “acto consumado” ya nada puede hacerse.  A nivel del país ¿pasa lo mismo?",503,416,0,0,0,"2017-01-03 19:30:32","2017-06-03 06:41:40",0,0
"65",770626944727519232,264380418,"Tue Aug 30 14:19:15 +0000 2016","2016-08-30 14:19:15",264380418,770272120064454656,"DrLorenzoMeyer","Los invito hoy a las 18:00 en el @elcolmex a la presentación del libro ""Pensar la historia... a la manera de Lorenzo Meyer""",51,60,0,0,0,"2017-01-03 19:30:32","2017-06-03 06:41:40",0,0
"66",770413447032872960,264380418,"Tue Aug 30 00:10:54 +0000 2016","2016-08-30 00:10:54",NA,NA,"","Quienes en Cuernavaca golpearon a @JavSicilia por encabezar la protesta contra el gobernador, nos golpearon a todos!",686,557,0,0,0,"2017-01-03 19:30:33","2017-06-03 06:41:40",0,0
"67",770272120064454656,264380418,"Mon Aug 29 14:49:19 +0000 2016","2016-08-29 14:49:19",264380418,768144530629550080,"DrLorenzoMeyer","Los invito mañana a las 18:00 en el @elcolmex a la presentación del libro ""Pensar la historia... a la manera de Lorenzo Meyer""",64,73,0,0,0,"2017-01-03 19:30:33","2017-06-03 06:41:40",0,0
"68",769226968348758016,264380418,"Fri Aug 26 17:36:15 +0000 2016","2016-08-26 17:36:15",NA,NA,"","En el mundo académico, el plagio es falta ética grave: presenta como propio el trabajo de otro. A sus 25 años, @EPN sabía lo que hacía",557,498,0,0,0,"2017-01-03 19:30:33","2017-06-03 06:41:40",0,0
"69",768888651530907648,264380418,"Thu Aug 25 19:11:54 +0000 2016","2016-08-25 19:11:54",NA,NA,"","RT @AristeguiOnline: #Bienvenidoeldebate sobre el plagio: Meyer, Dresser y Villamil en Aristegui Noticias https://t.co/AgylbMYMH4 https://t…",747,0,0,0,0,"2017-01-03 19:30:33","2017-06-03 06:41:40",1,1
"70",768855100324315136,264380418,"Thu Aug 25 16:58:35 +0000 2016","2016-08-25 16:58:35",NA,NA,"","Les comparto mi artículo de la semana: El pasado como dilema https://t.co/mjxdNJQQEX?ssr=true",74,75,0,0,0,"2017-01-03 19:30:39","2017-06-03 06:41:40",0,0
"71",768529724695908352,264380418,"Wed Aug 24 19:25:39 +0000 2016","2016-08-24 19:25:39",1339835893,NA,"HillaryClinton","@HillaryClinton es la mejor opción para México, pero eso no impide verle fallas: uso su puesto para favorecer a su fundación privada",12,11,0,0,0,"2017-01-03 19:30:49","2017-06-03 06:41:40",0,0
"72",768144530629550080,264380418,"Tue Aug 23 17:55:02 +0000 2016","2016-08-23 17:55:02",NA,NA,"","Los invito el 30/08/2016 a las 18:00 en el @elcolmex a la presentación del libro ""Pensar la historia... a la manera de Lorenzo Meyer""",131,147,0,0,0,"2017-01-03 19:30:49","2017-06-03 06:41:40",0,0
"73",767801678162563072,264380418,"Mon Aug 22 19:12:39 +0000 2016","2016-08-22 19:12:39",NA,NA,"","Plagiar casi 1/3 de su tesis de licenciatura, como es el caso de @EPN dice mucho, muchísimo, de su formación y actitud en torno a la ética.",1072,873,0,0,0,"2017-01-03 19:30:49","2017-06-03 06:41:40",0,0
"74",766378454015021056,264380418,"Thu Aug 18 20:57:16 +0000 2016","2016-08-18 20:57:16",NA,NA,"","Les comparto mi artículo de la semana: Hartazgo, adentro y afuera. 
https://t.co/PR8vYVy8mj",175,164,0,0,0,"2017-01-03 19:30:49","2017-06-03 06:41:40",0,0
"75",765638427836461056,264380418,"Tue Aug 16 19:56:40 +0000 2016","2016-08-16 19:56:40",NA,NA,"","Explicar el “levantón” en Pto. Vallarta como mera lucha entre criminales es regresar a Felipe Calderón: “se matan entre ellos” ¿Y el Estado?",754,582,0,0,0,"2017-01-03 19:31:00","2017-06-03 06:41:40",0,0
"76",763797707404173312,264380418,"Thu Aug 11 18:02:18 +0000 2016","2016-08-11 18:02:18",NA,NA,"","Les comparto mi artículo de la semana: ""kill them all"" (Mátenlos) https://t.co/o16AHbaPXe?ssr=true",114,102,0,0,0,"2017-01-03 19:31:00","2017-06-03 06:41:40",0,0
"77",763430232745316352,264380418,"Wed Aug 10 17:42:05 +0000 2016","2016-08-10 17:42:05",NA,NA,"","En los mítines de #Trump se grita “build the wall-kill them all” refiriéndose a los mexicanos. ¿Son ecos de la Alemania de los 1930?",667,415,0,0,0,"2017-01-03 19:31:11","2017-06-03 06:41:40",0,0
"78",762708508106121216,264380418,"Mon Aug 08 17:54:13 +0000 2016","2016-08-08 17:54:13",NA,NA,"","En Veracruz la información sobre corrupción crece exponencialmente. Los acciones en contra cero @Javier_Duarte",121,94,0,0,0,"2017-01-03 19:31:11","2017-06-03 06:41:40",0,0
"79",761269056204701696,264380418,"Thu Aug 04 18:34:21 +0000 2016","2016-08-04 18:34:21",NA,NA,"","Les comparto mi artículo de la semana:  El racismo recupera el permiso 
https://t.co/ySxRsrbSEZ?ssr=true",132,126,0,0,0,"2017-01-03 19:31:11","2017-06-03 06:41:40",0,0
"80",760553630579601408,264380418,"Tue Aug 02 19:11:30 +0000 2016","2016-08-02 19:11:30",NA,NA,"","La recuperación de la #seguridad en #México requiere no de más policías sino de un rediseño del Estado mismo",212,183,0,0,0,"2017-01-03 19:31:23","2017-06-03 06:41:40",0,0
"81",758721650774814720,264380418,"Thu Jul 28 17:51:52 +0000 2016","2016-07-28 17:51:52",NA,NA,"","Les comparto mi artículo de la semana: En el país 'X' https://t.co/jeRr3iiwFG?ssr=true",144,127,0,0,0,"2017-01-03 19:31:23","2017-06-03 06:41:40",0,0
"82",758368984852865024,264380418,"Wed Jul 27 18:30:30 +0000 2016","2016-07-27 18:30:30",NA,NA,"","!vaya lío! @realDonaldTrump pidiendo públicamente a Putin que le ayude a encontrar los 30,000 correos perdidos de @HillaryClinton",80,59,0,0,0,"2017-01-03 19:31:36","2017-06-03 06:41:40",0,0
"83",756226423828779008,264380418,"Thu Jul 21 20:36:44 +0000 2016","2016-07-21 20:36:44",NA,NA,"","Al pedir perdón, @EPN usó el término “Casa Blanca” acuñado por @aristeguicnn Aquí la contrición es insuficiente, se debe la REPARACIÓN.",593,462,0,0,0,"2017-01-03 19:31:36","2017-06-03 06:41:40",0,0
"84",756181639378501632,264380418,"Thu Jul 21 17:38:46 +0000 2016","2016-07-21 17:38:46",NA,NA,"","Les comparto mi artículo de la semana: Sin sentido de la responsabilidad https://t.co/k3LpzQwl78?ssr=true",143,130,0,0,0,"2017-01-03 19:31:36","2017-06-03 06:41:40",0,0
"85",755826531587411968,264380418,"Wed Jul 20 18:07:42 +0000 2016","2016-07-20 18:07:42",NA,NA,"","Una buena explicación de la renuncia de @VirgilioAndrad a la SFP es la de @jairocalixto: “era alérgico a los peces gordos”",134,123,0,0,0,"2017-01-03 19:31:47","2017-06-03 06:41:40",0,0
"86",755463837877362688,264380418,"Tue Jul 19 18:06:29 +0000 2016","2016-07-19 18:06:29",NA,NA,"","¡Milagro¡ Como a San Pablo camino a Damasco, el golpe de las últimas elecciones convirtió al #PRI y a Los Pinos en enemigos de la corrupción",358,346,0,0,0,"2017-01-03 19:31:47","2017-06-03 06:41:40",0,0
"87",755103635994845184,264380418,"Mon Jul 18 18:15:10 +0000 2016","2016-07-18 18:15:10",NA,NA,"","Quienes dejaron sin límite la indemnización por “daño moral” ¿pensaron en los 10 millones que el Moreira le exige a @sergioaguayo ?",196,142,0,0,0,"2017-01-03 19:31:47","2017-06-03 06:41:40",0,0
"88",753634033951617024,264380418,"Thu Jul 14 16:55:30 +0000 2016","2016-07-14 16:55:30",NA,NA,"","Les comparto mi artículo de la semana: Medio siglo no es nada 
https://t.co/GzmR1ZavbZ?ssr=true",111,102,0,0,0,"2017-01-03 19:31:48","2017-06-03 06:41:40",0,0
"89",753364186508369920,264380418,"Wed Jul 13 23:03:13 +0000 2016","2016-07-13 23:03:13",NA,NA,"","La demanda de @Hmoreira2011 contra @sergioaguayo por “daño moral” es un caso del pato político tirándole a la escopeta que le crítica.",502,427,0,0,0,"2017-01-03 19:31:59","2017-06-03 06:41:40",0,0
"90",753282922669486080,264380418,"Wed Jul 13 17:40:18 +0000 2016","2016-07-13 17:40:18",NA,NA,"","#Inglaterra tiene su “Reporte Chilcot” que examina y condena su política en #Iraq ¿Cuántos reportes equivalentes necesita México?",70,78,0,0,0,"2017-01-03 19:31:59","2017-06-03 06:41:40",0,0
"91",752943382758948864,264380418,"Tue Jul 12 19:11:06 +0000 2016","2016-07-12 19:11:06",NA,NA,"","El nombramiento del nuevo dirigente del #PRI sigue puntualmente un guión de hace medio siglo: un partido a cargo de un funcionario federal",748,537,0,0,0,"2017-01-03 19:31:59","2017-06-03 06:41:40",0,0
"92",751148006666170368,264380418,"Thu Jul 07 20:16:55 +0000 2016","2016-07-07 20:16:55",NA,NA,"","Les comparto mi artículo de la semana: Obama da clase 
https://t.co/XYM9D6OLbD?ssr=true",135,129,0,0,0,"2017-01-03 19:31:59","2017-06-03 06:41:40",0,0
"93",750393199932289024,264380418,"Tue Jul 05 18:17:35 +0000 2016","2016-07-05 18:17:35",NA,NA,"","Según encuesta de @El_Universal_Mx la aprobación de @EPN es baja. Lo que menos gusta es su política: las ""reformas estructurales""",123,102,0,0,0,"2017-01-03 19:32:09","2017-06-03 06:41:40",0,0
"94",748993251131043840,264380418,"Fri Jul 01 21:34:41 +0000 2016","2016-07-01 21:34:41",NA,NA,"","¡Vaya mala suerte de @EPN, después de condenar al #populismo resulta que @BarackObama considera legítima la razón de los populistas!",311,299,0,0,0,"2017-01-03 19:32:09","2017-06-03 06:41:40",0,0
"95",748593162650673152,264380418,"Thu Jun 30 19:04:52 +0000 2016","2016-06-30 19:04:52",NA,NA,"","Les comparto mi artículo de la semana: Una política sin arte 
https://t.co/pwcJdhtxpS?ssr=true",89,74,0,0,0,"2017-01-03 19:32:10","2017-06-03 06:41:40",0,0
"96",748199010981208064,264380418,"Wed Jun 29 16:58:39 +0000 2016","2016-06-29 16:58:39",NA,NA,"","Desde los 1970 y hasta antes de las muertes de #Nochixtlán, el gobierno no había dado #muerte a manifestantes desarmados ¿Retrocedemos?",321,205,0,0,0,"2017-01-03 19:32:22","2017-06-03 06:41:40",0,0
"97",746402481618378752,264380418,"Fri Jun 24 17:59:53 +0000 2016","2016-06-24 17:59:53",NA,NA,"","Del error de #Atenco (2006) el gobierno de #EPN no aprendió nada. Lo ha vuelto a cometer en Nochixtlán 10 años más tarde.",285,190,0,0,0,"2017-01-03 19:32:22","2017-06-03 06:41:40",0,0
"98",746024656142905344,264380418,"Thu Jun 23 16:58:33 +0000 2016","2016-06-23 16:58:33",NA,NA,"","Les comparto mi artículo de la semana: Al final ¿quién es el soberano? https://t.co/K4qqRBrhDi",118,100,0,0,0,"2017-01-03 19:32:23","2017-06-03 06:41:40",0,0
"99",745667806092365824,264380418,"Wed Jun 22 17:20:33 +0000 2016","2016-06-22 17:20:33",NA,NA,"","Informan que, tras Oaxaca, Osorio negociara con la #CNTE ¿en Gobernación el “policía bueno” y en la @SEP_mx el “malo? ¡Un mundo al revés!",215,156,0,0,0,"2017-01-03 19:32:33","2017-06-03 06:41:40",0,0
"100",745313896420904960,264380418,"Tue Jun 21 17:54:14 +0000 2016","2016-06-21 17:54:14",NA,NA,"","Se repite de nuevo la violencia de 2006 en Atenco y #Oaxaca. Cuando se recurre a esa violencia es porque antes no se supo hacer política",855,548,0,0,0,"2017-01-03 19:32:33","2017-06-03 06:41:40",0,0
"101",743873953865703424,264380418,"Fri Jun 17 18:32:25 +0000 2016","2016-06-17 18:32:25",292116167,NA,"PRI_Nacional","@PRI_Nacional y verde le quitaron el filo a la @ley3de3. ""Dime en qué sentido tuerces una iniciativa ciudadana y te diré quién eres”",44,29,0,0,0,"2017-01-03 19:32:33","2017-06-03 06:41:40",0,0
"102",743521630781988864,264380418,"Thu Jun 16 19:12:25 +0000 2016","2016-06-16 19:12:25",NA,NA,"","Les comparto mi artículo de la semana: Un mundo nos vigila 
https://t.co/yXwlD1tPdV?ssr=true",78,75,0,0,0,"2017-01-03 19:32:34","2017-06-03 06:41:40",0,0
"103",743119166605922304,264380418,"Wed Jun 15 16:33:10 +0000 2016","2016-06-15 16:33:10",NA,NA,"","Algunos obispos dicen que por su condena al proyecto de aceptar matrimonios del mismo sexo perdió el PRI. ¿No es darse mucha importancia?",75,88,0,0,0,"2017-01-03 19:32:44","2017-06-03 06:41:40",0,0
"104",741346436109869056,264380418,"Fri Jun 10 19:08:58 +0000 2016","2016-06-10 19:08:58",NA,NA,"","Se dice: si se mezcla el amarillo del @PRDMexico con el azul @AccionNacional el resultado es un verde como @partidoverdemex. Buen punto!",386,269,0,0,0,"2017-01-03 19:32:44","2017-06-03 06:41:40",0,0
"105",740958853928357888,264380418,"Thu Jun 09 17:28:51 +0000 2016","2016-06-09 17:28:51",NA,NA,"","Les comparto mi artículo de la semana: Elecciones  https://t.co/ivnOd0VQiN",83,89,0,0,0,"2017-01-03 19:32:44","2017-06-03 06:41:40",0,0
"106",740589544467111936,264380418,"Wed Jun 08 17:01:21 +0000 2016","2016-06-08 17:01:21",NA,NA,"","La victoria de @Javier_Corral en #Chihuahua abre la posibilidad del surgimiento de una isla de decencia política en un mar de #corrupción",379,376,0,0,0,"2017-01-03 19:32:50","2017-06-03 06:41:40",0,0
"107",740243487837163520,264380418,"Tue Jun 07 18:06:15 +0000 2016","2016-06-07 18:06:15",NA,NA,"","La calidad de las elecciones de ayer fue pésima, pero en algo debilitaron las posibilidades de restaurar en 2018 al @PRI_Nacional",230,226,0,0,0,"2017-01-03 19:32:50","2017-06-03 06:41:40",0,0
"108",739537382869864448,264380418,"Sun Jun 05 19:20:26 +0000 2016","2016-06-05 19:20:26",NA,NA,"","RT @Revista_R: 'La misma pasta con diferente forma'.- @DrLorenzoMeyer  #Voto2016  https://t.co/LtmuORwt2V",58,0,0,0,0,"2017-01-03 19:32:50","2017-06-03 06:41:40",1,1
"109",739470290774675456,264380418,"Sun Jun 05 14:53:50 +0000 2016","2016-06-05 14:53:50",NA,NA,"","#SalyVota",110,93,0,0,0,"2017-01-03 19:33:01","2017-06-03 06:41:40",0,0
"110",738802740009127936,264380418,"Fri Jun 03 18:41:14 +0000 2016","2016-06-03 18:41:14",NA,NA,"","El promedio mundial de bajas en combate es 1 muerto por c/ 4 heridos ¿por qué en México la @SEDENAmx reporta 32 muertos por c/ 4 heridos?",206,114,0,0,0,"2017-01-03 19:33:02","2017-06-03 06:41:40",0,0
"111",738470921548111872,264380418,"Thu Jun 02 20:42:42 +0000 2016","2016-06-02 20:42:42",NA,NA,"","Les comparto mi artículo de la semana: ¿La 'solución Tlatlaya'?
https://t.co/YxOgQV6Ahv?ssr=true",107,80,0,0,0,"2017-01-03 19:33:02","2017-06-03 06:41:40",0,0
"112",737694157678903296,264380418,"Tue May 31 17:16:07 +0000 2016","2016-05-31 17:16:07",NA,NA,"","El indicador perfecto de la separación entre el congreso y los ciudadanos (supuestos soberanos) es la posposición de la ley #anticorrupción",390,277,0,0,0,"2017-01-03 19:33:12","2017-06-03 06:41:40",0,0
"113",737340342035320832,264380418,"Mon May 30 17:50:11 +0000 2016","2016-05-30 17:50:11",807095,NA,"nytimes","@nytimes acaba de señalar lo que ya se sospechaba: que la @SEDENAmx ejecuta a heridos y prisioneros.",61,17,0,0,0,"2017-01-03 19:33:12","2017-06-03 06:41:40",0,0
"114",736230835146215424,264380418,"Fri May 27 16:21:24 +0000 2016","2016-05-27 16:21:24",NA,NA,"","En relación a los refugiados, #Europa se mueve entre el rechazo, la asimilación o la integración.",46,45,0,0,0,"2017-01-03 19:33:12","2017-06-03 06:41:40",0,0
"115",735903059729997824,264380418,"Thu May 26 18:38:56 +0000 2016","2016-05-26 18:38:56",NA,NA,"","El poder de @AristeguiOnline ! En #Copenhague los #mexicanos demandan su regreso. Es su liga con el #país",76,76,0,0,0,"2017-01-03 19:33:12","2017-06-03 06:41:40",0,0
"116",735526650369036288,264380418,"Wed May 25 17:43:13 +0000 2016","2016-05-25 17:43:13",2897441,NA,"EPN","@EPN declaró a @LaJornada no entender cómo #Ayotzinapa se le volvió #problema. Entonces el #problema es no entender ese #problema",42,31,0,0,0,"2017-01-03 19:33:13","2017-06-03 06:41:40",0,0
"117",735177508333592576,264380418,"Tue May 24 18:35:51 +0000 2016","2016-05-24 18:35:51",NA,NA,"","Es a causa de la #corrupción que el @senadomexicano no puede pasar adecuadamente la @ley3de3 contra la #corrupción",143,92,0,0,0,"2017-01-03 19:33:14","2017-06-03 06:41:40",0,0
"118",733614541267832832,264380418,"Fri May 20 11:05:11 +0000 2016","2016-05-20 11:05:11",NA,NA,"","RT @jcgaguiar: Today @DrLorenzoMeyer will talk on @realDonaldTrump campaign and its impact on #Mexico #USA relations @UniLeiden https://t.c…",13,0,0,0,0,"2017-01-03 19:33:14","2017-06-03 06:41:40",1,1
"119",733359280124911616,264380418,"Thu May 19 18:10:52 +0000 2016","2016-05-19 18:10:52",NA,NA,"","Les comparto mi artículo de la semana: Cuando 200 mil son 30 https://t.co/2MOW92XnSI?ssr=true",86,70,0,0,0,"2017-01-03 19:33:15","2017-06-03 06:41:40",0,0
"120",732992355528146944,264380418,"Wed May 18 17:52:50 +0000 2016","2016-05-18 17:52:50",NA,NA,"","En #Brasil parlamentarios con cargos por corrupción van a juzgar a @dilmabr por faltas administrativas. Vaya degradación de la #política !",189,113,0,0,0,"2017-01-03 19:33:25","2017-06-03 06:41:40",0,0
"121",732666722369572864,264380418,"Tue May 17 20:18:53 +0000 2016","2016-05-17 20:18:53",NA,NA,"","No deja de ser irónico pero sobre todo trágico que @BarackObama termine sus dos presidencias sin poder concluir las #guerras que inició Bush",179,166,0,0,0,"2017-01-03 19:33:25","2017-06-03 06:41:40",0,0
"122",731191380999987200,264380418,"Fri May 13 18:36:24 +0000 2016","2016-05-13 18:36:24",NA,NA,"","En “El Amasiato” @alvaro_delgado sostiene que en 2006 @EPN “transfirió” 200 mil votos a @FelipeCalderon El descredito de esa elección crece",203,97,0,0,0,"2017-01-03 19:33:26","2017-06-03 06:41:40",0,0
"123",730825439308980224,264380418,"Thu May 12 18:22:17 +0000 2016","2016-05-12 18:22:17",NA,NA,"","Les comparto mi artículo de la semana: Urgencia del Plan B
https://t.co/G4UJdC7F1L?ssr=true",71,61,0,0,0,"2017-01-03 19:33:26","2017-06-01 00:11:39",0,0
"124",730096065387470848,264380418,"Tue May 10 18:04:01 +0000 2016","2016-05-10 18:04:01",NA,NA,"","Todos los #gobernadores que van a ser sustituidos en las #Elecciones2016 resultaron un desastre. ¿Fallaron las personas o el sistema?",110,78,0,0,0,"2017-01-03 19:33:35","2017-06-01 00:11:39",0,0
"125",729735655454953472,264380418,"Mon May 09 18:11:52 +0000 2016","2016-05-09 18:11:52",NA,NA,"","En #Génova ,una corte de apelaciones determinó que robar comida cuando se esta hambriento no es crimen si no multa. Bien por #Italia",246,239,0,0,0,"2017-01-03 19:33:35","2017-05-29 21:55:10",0,0
"126",728294625832665088,264380418,"Thu May 05 18:45:44 +0000 2016","2016-05-05 18:45:44",NA,NA,"","Les comparto mi artículo de la semana: Ahora, investigar la investigación https://t.co/l4Puv2xFCt?ssr=true",108,73,0,0,0,"2017-01-03 19:33:36","2017-05-29 21:55:10",0,0
"127",727939962117574656,264380418,"Wed May 04 19:16:26 +0000 2016","2016-05-04 19:16:26",NA,NA,"","En Bagdad la muchedumbre asaltó el congreso como protesta contra su corrupción ¿Cómo se expresará el #MalHumorSocial de aquí? @Mx_Diputados",151,101,0,0,0,"2017-01-03 19:33:46","2017-05-27 13:18:59",0,0
"128",727893480538660864,264380418,"Wed May 04 16:11:44 +0000 2016","2016-05-04 16:11:44",NA,NA,"","RT @CDHDF: En directo la Conferencia Magistral del Dr. Lorenzo Meyer en el Foro: Libertad de Expresión https://t.co/HtcLBjdNtQ https://t.co…",36,0,0,0,0,"2017-01-03 19:33:46","2017-05-23 19:28:23",1,1
"129",727557385326227456,264380418,"Tue May 03 17:56:12 +0000 2016","2016-05-03 17:56:12",NA,NA,"","Tabasco #303 @LaRomaDF. Se derriba una fachada histórica y árbol ¿y las autoridades? @RicardoMonrealA @INAHmx https://t.co/xbJt0OCHq5",137,89,0,0,0,"2017-01-03 19:33:57","2017-05-23 19:28:23",0,0
"130",726111521089052672,264380418,"Fri Apr 29 18:10:51 +0000 2016","2016-04-29 18:10:51",2897441,NA,"EPN","@EPN afirmó que en México hay #MalHumorSocial Necesitamos saber como define ""mal humor"" pues para otros el concepto es agravio  profundo",101,51,0,0,0,"2017-01-03 19:33:58","2017-05-21 11:48:31",0,0
"131",725759262073344000,264380418,"Thu Apr 28 18:51:06 +0000 2016","2016-04-28 18:51:06",NA,NA,"","Les comparto mi artículo de la semana: #malhumorsocial https://t.co/FXv4SnTcQ6?ssr=true",131,95,0,0,0,"2017-01-03 19:33:58","2017-05-17 11:00:16",0,0
"132",725379135795683328,264380418,"Wed Apr 27 17:40:37 +0000 2016","2016-04-27 17:40:37",NA,NA,"","Dice alguien respecto a #Ayotzinapa 
""si eso hace el gobierno mexicano cuando todo el mundo lo ve ¿ qué hará cuando no lo ven?""",500,297,0,0,0,"2017-01-03 19:34:07","2017-05-17 11:00:16",0,0
"133",724665756999278592,264380418,"Mon Apr 25 18:25:54 +0000 2016","2016-04-25 18:25:54",NA,NA,"","RT @SViolenciayPaz: Miércoles 27 a las 12pm.
No se pierdan la conferencia del Dr. @RicardoMonrealA. 
ENTRADA LIBRE. https://t.co/R3h5ZSVKeI",56,0,0,0,0,"2017-01-03 19:34:08","2017-05-16 09:24:00",1,1
"134",723205593192751104,264380418,"Thu Apr 21 17:43:44 +0000 2016","2016-04-21 17:43:44",NA,NA,"","Les comparto mi artículo de la semana: México y sus guerras https://t.co/bb8YCqDjfX?ssr=true",92,80,0,0,0,"2017-01-03 19:34:08","2017-05-13 03:46:00",0,0
"135",722862325007421440,264380418,"Wed Apr 20 18:59:43 +0000 2016","2016-04-20 18:59:43",NA,NA,"","Bien que la @SEDENAmx pida disculpas por torturar, pero la cadena de mando abarca más que al puñado de soldados y policías acusados.",241,186,0,0,0,"2017-01-03 19:34:17","2017-05-10 10:28:10",0,0
"136",722481537271222272,264380418,"Tue Apr 19 17:46:36 +0000 2016","2016-04-19 17:46:36",NA,NA,"","Diputados brasileña, el 60% acusados de corrupción, destituyen a la presidente @dilmabr por faltas administrativas.El espectáculo es obsceno",159,84,0,0,0,"2017-01-03 19:34:17","2017-05-10 10:28:10",0,0
"137",720719346654257152,264380418,"Thu Apr 14 21:04:17 +0000 2016","2016-04-14 21:04:17",NA,NA,"","Les comparto mi artículo de la semana. Raíz y razón del trumpismo https://t.co/dx1Qwml5sr?ssr=true",118,120,0,0,0,"2017-01-03 19:34:17","2017-05-10 10:28:10",0,0
"138",720671141707145216,264380418,"Thu Apr 14 17:52:44 +0000 2016","2016-04-14 17:52:44",NA,NA,"","Una similitud entre los gobiernos de #Nigeria y #México : ninguno ha podido explicar y castigar el secuestro masivo de estudiantes en 2014",198,110,0,0,0,"2017-01-03 19:34:28","2017-05-05 17:20:12",0,0
"139",719589045295144960,264380418,"Mon Apr 11 18:12:52 +0000 2016","2016-04-11 18:12:52",NA,NA,"","Sanders @SenSanders es la antítesis de @realDonaldTrump. Difícil que llegue a ser candidato, pero al menos ya despertó lo mejor de #EEUU",96,93,0,0,0,"2017-01-03 19:34:29","2017-05-05 17:20:12",0,0
"140",718151203822014464,264380418,"Thu Apr 07 18:59:24 +0000 2016","2016-04-07 18:59:24",NA,NA,"","Les comparto mi artículo de la semana: El papel de los #panamapapers 
https://t.co/IN9IUmU7zt?ssr=true",118,80,0,0,0,"2017-01-03 19:34:30","2017-05-04 03:05:21",0,0
"141",718133571915939840,264380418,"Thu Apr 07 17:49:20 +0000 2016","2016-04-07 17:49:20",NA,NA,"","Pew Research Center @pewresearch afirma: el 59% de los norteamericanos se oponen al muro de Trump, el 38% lo apoya.",51,58,0,0,0,"2017-01-03 19:34:40","2017-05-04 03:05:21",0,0
"142",717048537779802112,264380418,"Mon Apr 04 17:57:48 +0000 2016","2016-04-04 17:57:48",NA,NA,"","#panamapapers y el periodismo de investigación, son la gran pinza que desnuda la unión del poder político, económico y el crimen organizado.",399,271,0,0,0,"2017-01-03 19:34:41","2017-04-13 11:21:51",0,0
"143",715980368319356928,264380418,"Fri Apr 01 19:13:16 +0000 2016","2016-04-01 19:13:16",NA,NA,"","La @SEDENAmx debería ser la institución más interesada en dejar perfectamente claro lo ocurrido en #tlatlaya .Saldría fortalecida.",126,88,0,0,0,"2017-01-03 19:34:41","2017-04-11 22:33:05",0,0
"144",715640216992649216,264380418,"Thu Mar 31 20:41:38 +0000 2016","2016-03-31 20:41:38",NA,NA,"","Les comparto mi artículo de la semana. La #guerra debe terminar https://t.co/D3uwo654Oe?ssr=true",70,63,0,0,0,"2017-01-03 19:34:41","2017-04-09 04:16:18",0,0
"145",715256738039988224,264380418,"Wed Mar 30 19:17:49 +0000 2016","2016-03-30 19:17:49",NA,NA,"","La guerra contra el #narco se perdió. Dañó mucho al débil y corrupto Estado @gobmx y a su sociedad. Hay que replantear todo en este campo...",190,157,0,0,0,"2017-01-03 19:34:50","2017-04-09 04:16:18",0,0
"146",714885302779678720,264380418,"Tue Mar 29 18:41:52 +0000 2016","2016-03-29 18:41:52",NA,NA,"","El combate al #narco a nivel mundial cuesta 100 mil millones de dls. anuales. Su resultado es un #fracaso rotundo. Hay que repensarlo todo..",191,129,0,0,0,"2017-01-03 19:34:51","2017-04-05 02:19:28",0,0
"147",713066935949262848,264380418,"Thu Mar 24 18:16:20 +0000 2016","2016-03-24 18:16:20",NA,NA,"","Les comparto mi artículo de la semana. Estamos en el 38 y vamos al 1910  https://t.co/oI8Lb52JcQ @Pemex",116,85,0,0,0,"2017-01-03 19:34:51","2017-03-31 02:52:59",0,0
"148",712708081554067456,264380418,"Wed Mar 23 18:30:22 +0000 2016","2016-03-23 18:30:22",NA,NA,"","Ojalá #Cuba no repita nuestro error y no permita que el capitalismo que viene sea uno salvaje y destruya el centro histórico de sus ciudades",278,291,0,0,0,"2017-01-03 19:35:00","2017-03-31 02:52:59",0,0
"149",712008977656066048,264380418,"Mon Mar 21 20:12:23 +0000 2016","2016-03-21 20:12:23",NA,NA,"","Cada vez más claro -así lo muestran las filtraciones de información- que a @Hmoreira2011 lo saco de la carcel española el gobierno mexicano.",355,209,0,0,0,"2017-01-03 19:35:00","2017-03-31 02:52:59",0,0
"150",710593874725482496,264380418,"Thu Mar 17 22:29:16 +0000 2016","2016-03-17 22:29:16",NA,NA,"","RT @EFlorescano: Esta tarde conversaré con @DrLorenzoMeyer @LucinaJimenez y José L. Gutiérrez sobre participación ciudadana en México https…",40,0,0,0,0,"2017-01-03 19:35:00","2017-03-25 22:08:31",1,1
"151",710560519002918912,264380418,"Thu Mar 17 20:16:43 +0000 2016","2016-03-17 20:16:43",NA,NA,"","Les comparto mi artículo de la semana.  https://t.co/yLW088GgjS",94,73,0,0,0,"2017-01-03 19:35:01","2017-03-24 05:04:48",0,0
"152",710551135841443840,264380418,"Thu Mar 17 19:39:26 +0000 2016","2016-03-17 19:39:26",NA,NA,"","Si el nuevo proyecto #AristeguiRegresa tiene éxito, será el éxito de la independencia sobre la censura de @EPN, @NoticiasMVS y jueces.",246,222,0,0,0,"2017-01-03 19:35:10","2017-03-24 05:04:48",0,0
"153",710193853446291456,264380418,"Wed Mar 16 19:59:44 +0000 2016","2016-03-16 19:59:44",NA,NA,"","RT @EFlorescano: Agradezco a @AristeguiOnline esta nota sobre la Cartilla ciudadana, que presentaremos mañana con @DrLorenzoMeyer https://t…",26,0,0,0,0,"2017-01-03 19:35:10","2017-03-21 07:27:03",1,1
"154",710181158869291008,264380418,"Wed Mar 16 19:09:17 +0000 2016","2016-03-16 19:09:17",NA,NA,"","El cumpleaños @DiegoFCevallos con, priistas, perredistas, arzobispo y Slim, muestra que en la cúpula no hay diferencias, solo intereses.",738,530,0,0,0,"2017-01-03 19:35:11","2017-03-20 01:31:15",0,0
"155",709424931642019840,264380418,"Mon Mar 14 17:04:18 +0000 2016","2016-03-14 17:04:18",NA,NA,"","Sin periodismo de investigación, la corrupción la tiene más fácil. Por eso hace un año sacaron a Carmen del aire #AristeguiTeQueremosAlAire",1347,801,0,0,0,"2017-01-03 19:35:11","2017-03-16 12:37:53",0,0
"156",708016474917457920,264380418,"Thu Mar 10 19:47:36 +0000 2016","2016-03-10 19:47:36",NA,NA,"","Para @AristeguiOnline, a quien sacaron del aire hace un año, el día 13. Para un buen número de analistas y polí.. https://t.co/gVDwbvLzWA",148,107,0,0,0,"2017-01-03 19:35:11","2017-03-16 12:37:53",0,0
"157",707650609537650688,264380418,"Wed Mar 09 19:33:47 +0000 2016","2016-03-09 19:33:47",NA,NA,"","Si @realDonaldTrump es electo en el país del norte ¿Con qué voluntad e instrumentos lo enfrentará nuestro gobierno? @gobmx",88,69,0,0,0,"2017-01-03 19:35:21","2017-03-13 18:10:37",0,0
"158",707306860550840320,264380418,"Tue Mar 08 20:47:51 +0000 2016","2016-03-08 20:47:51",NA,NA,"","Si la figura de Lula queda manchada, sólo nos quedara como ejemplo vivo de presidente latinoamericano incorruptible, @PepeMujicaDice",88,101,0,0,0,"2017-01-03 19:35:22","2017-03-08 23:39:45",0,0
"159",705884812167352320,264380418,"Fri Mar 04 22:37:08 +0000 2016","2016-03-04 22:37:08",NA,NA,"","¿Y si con la misma celeridad y concierto que el gobierno actuó para rescatar a Moreira en España, lo hubiera hecho con @Pemex?",470,298,0,0,0,"2017-01-03 19:35:22","2017-03-08 23:39:45",0,0
"160",674272057916456960,264380418,"Tue Dec 08 16:59:20 +0000 2015","2015-12-08 16:59:20",NA,NA,"","Les comparto el proyecto @faltanmas, un esfuerzo colectivo de la comunidad de @ELCOLMEX para no olvidar la tragedia de Ayotzinapa.",103,60,0,0,0,"2017-01-03 19:35:22","2017-03-05 20:57:21",0,0
"161",649643423180324864,264380418,"Thu Oct 01 17:53:56 +0000 2015","2015-10-01 17:53:56",NA,NA,"","Los invito a la presentación de ""El intelectual mexicano: una especie en extinción"" en  el @MundoITAM https://t.co/Ltof9Asofh",111,106,0,0,0,"2017-01-03 19:35:22","2017-03-05 20:57:21",0,0
"162",610842198783889408,264380418,"Tue Jun 16 16:11:43 +0000 2015","2015-06-16 16:11:43",NA,NA,"","Nos vemos en la FCPyS de la UNAM a la una para discutir sobre las elecciones del 7 de junio. http://t.co/2CK3yTvRVv",56,53,0,0,0,"2017-01-03 19:35:22","2017-03-01 09:03:54",0,0
"163",609402338663530496,264380418,"Fri Jun 12 16:50:14 +0000 2015","2015-06-12 16:50:14",NA,NA,"","En @ELCOLMEX daré curso público sobre algunos periodos relevantes en la historia de las RRII de México. Quien guste: http://t.co/q75cQ0ZfUD",103,83,0,0,0,"2017-01-03 19:35:31","2017-02-28 14:40:08",0,0
"164",580782525175369728,264380418,"Wed Mar 25 17:25:19 +0000 2015","2015-03-25 17:25:19",NA,NA,"","Les comparto mi entrevista con Rubén Luengas, sobre el despido de Carmen @AristeguiOnline http://t.co/u1yYCtkxnD",470,228,0,0,0,"2017-01-03 19:35:40","2017-02-28 14:40:08",0,0
"165",578314857000230912,264380418,"Wed Mar 18 21:59:41 +0000 2015","2015-03-18 21:59:41",NA,NA,"","Carmen Aristegui ya jugó, y muy bien, su papel. Ahora le toca a la sociedad la defensa de su espacio. @sergioaguayo",880,476,0,0,0,"2017-01-03 19:35:48","2017-02-28 14:40:08",0,0
"166",552300263865090048,264380418,"Tue Jan 06 03:06:58 +0000 2015","2015-01-06 03:06:58",NA,NA,"","La opinión sobre Enrique Peña Nieto de algunos académicos, periodistas y escritores: @AristeguiOnline @sergioaguayo http://t.co/Zk46jab2dU",1505,684,0,0,0,"2017-01-03 19:35:48","2017-02-28 14:40:08",0,0
"167",552299925363781632,264380418,"Tue Jan 06 03:05:38 +0000 2015","2015-01-06 03:05:38",NA,NA,"","La opinión sobre Enrique Peña Nieto de algunos académicos, periodistas y escritores: @AristeguiOnline @sergioaguayo http://t.co/ryvF203BHv",1088,471,0,0,0,"2017-01-03 19:35:48","2017-02-28 14:40:08",0,0
"168",552299027317141504,264380418,"Tue Jan 06 03:02:03 +0000 2015","2015-01-06 03:02:03",NA,NA,"","La opinión sobre Enrique Peña Nieto de algunos académicos, periodistas y escritores: @AristeguiOnline @sergioaguayo http://t.co/fvZJsx2dz3",1108,453,0,0,0,"2017-01-03 19:35:48","2017-02-06 04:02:52",0,0
"169",545297666989883392,264380418,"Wed Dec 17 19:21:09 +0000 2014","2014-12-17 19:21:09",NA,NA,"","De vez en vez, el gobierno, con sus decisiones, le da la razón a la prensa.... https://t.co/6DDPMcwnon @REFORMACOM",180,74,0,0,0,"2017-01-03 19:35:49","2017-02-06 04:02:52",0,0
"170",537673827485253632,264380418,"Wed Nov 26 18:26:44 +0000 2014","2014-11-26 18:26:44",NA,NA,"","¿El ""restablecimiento del orden público"" el 20 de noviembre? @AristeguiOnline https://t.co/jlCHEQmrCw",126,56,0,0,0,"2017-01-03 19:35:53","2017-02-06 04:02:52",0,0
"171",443559473898987520,264380418,"Wed Mar 12 01:29:54 +0000 2014","2014-03-12 01:29:54",NA,NA,"","Presentando el nuevo libro de @sergioaguayo ""Remolino. El México de la sociedad organizada, poderes fácticos y Peña Nieto"" en @casa_lamm",171,103,0,0,0,"2017-01-03 19:36:03","2017-02-06 04:02:52",0,0
"172",400402989661171712,264380418,"Tue Nov 12 23:21:26 +0000 2013","2013-11-12 23:21:26",NA,NA,"","Los invito a la presentación de mi último libro en @ELCOLMEX el prox. jueves 12/11 a las 12 pm. La invitación está en http://t.co/1jhLSihgA2",97,58,0,0,0,"2017-01-03 19:36:04","2017-02-06 04:02:52",0,0
"173",378214504850407424,264380418,"Thu Sep 12 17:52:19 +0000 2013","2013-09-12 17:52:19",NA,NA,"","La invitación está en: http://t.co/Kb8uNsUkX3",35,25,0,0,0,"2017-01-03 19:36:12","2017-02-06 04:02:52",0,0
"174",378209061994364928,264380418,"Thu Sep 12 17:30:41 +0000 2013","2013-09-12 17:30:41",NA,NA,"","Los invito a la presentación de mi libro ""Nuestra tragedia persistente. La democracia autoritaria en México""el 19/09 a las 7pm en
@casa_lamm",196,76,0,0,0,"2017-01-03 19:36:20","2017-02-06 04:02:52",0,0
"175",375085403545407488,264380418,"Wed Sep 04 02:38:23 +0000 2013","2013-09-04 02:38:23",NA,NA,"","La entrada será libre. La invitación está en http://t.co/ltXOxwakSM",46,19,0,0,0,"2017-01-03 19:36:20","2017-02-06 04:02:52",0,0
"176",375085179015933952,264380418,"Wed Sep 04 02:37:30 +0000 2013","2013-09-04 02:37:30",NA,NA,"","Los invito el jueves 5 de sept. a un seminario con Cuauhtémoc Cárdenas en @ELCOLMEX a las 12 pm; comentaremos @esquivelgerardo y yo.",123,27,0,0,0,"2017-01-03 19:36:28","2017-02-06 04:02:52",0,0
"177",339533760984907776,264380418,"Wed May 29 00:08:51 +0000 2013","2013-05-29 00:08:51",NA,NA,"","¡Los espero mañana en El Colegio de México! el programa actualizado está en: https://t.co/WHaQU79XHd",20,13,0,0,0,"2017-01-03 19:36:28","2017-02-06 04:02:52",0,0
"178",334737102493331456,264380418,"Wed May 15 18:28:39 +0000 2013","2013-05-15 18:28:39",NA,NA,"","Los invito al ""Seminario en torno a la obra de Lorenzo Meyer"" el 29/05/2013 en @ELCOLMEX. La información está en: http://t.co/HARNcvAREB",28,18,0,0,0,"2017-01-03 19:36:38","2017-02-06 04:02:52",0,0
"179",334694108029415424,264380418,"Wed May 15 15:37:48 +0000 2013","2013-05-15 15:37:48",NA,NA,"","También les comparto la Mesa Política del lunes pasado con @aristeguicnn :
http://t.co/vaYVtbiYMd",33,14,0,0,0,"2017-01-03 19:36:46","2017-02-03 02:34:51",0,0
"180",334691084422766592,264380418,"Wed May 15 15:25:47 +0000 2013","2013-05-15 15:25:47",NA,NA,"","Les comparto mi participación con mis colegas de Primer Plano el lunes pasado,  http://t.co/dfOwYL3yEF vía @youtube",41,13,0,0,0,"2017-01-03 19:36:55","2017-01-16 22:55:22",0,0
"181",296330003384242176,264380418,"Tue Jan 29 18:52:33 +0000 2013","2013-01-29 18:52:33",NA,NA,"","Mañana empieza mi curso de licenciatura en la Facultad de Filosofía y Letras de la UNAM. El horario es 10 am a 12 pm, en el salón 005.",58,49,0,0,0,"2017-01-03 19:37:04","2017-01-16 06:13:01",0,0
"182",294160892914987008,264380418,"Wed Jan 23 19:13:16 +0000 2013","2013-01-23 19:13:16",NA,NA,"","La clase será una historia política de México en el siglo XX. Será los miércoles por la mañana.",24,22,0,0,0,"2017-01-03 19:37:04","2017-01-13 03:20:17",0,0
"183",294155335990657024,264380418,"Wed Jan 23 18:51:11 +0000 2013","2013-01-23 18:51:11",NA,NA,"","Aprovecho para compartir que la próxima semana inician mis cursos en la Facultad de Filosofía y Letra de la UNAM",57,28,0,0,0,"2017-01-03 19:37:04","2017-01-12 08:45:53",0,0
"184",294155063117615104,264380418,"Wed Jan 23 18:50:06 +0000 2013","2013-01-23 18:50:06",NA,NA,"","Les comparto el enlace para ver la edición de Primer Plano de esta semana:
http://t.co/wCCjvDGl",34,17,0,0,0,"2017-01-03 19:37:04","2017-01-12 08:45:53",0,0
"185",281064344505159680,264380418,"Tue Dec 18 15:52:16 +0000 2012","2012-12-18 15:52:16",NA,NA,"","En mi página personal pueden leer mi columna de Reforma del pasado 13 de diciembre http://t.co/2792YiET",34,10,0,0,0,"2017-01-03 19:37:12","2017-01-05 07:05:11",0,0
"186",278654127809126400,264380418,"Wed Dec 12 00:14:55 +0000 2012","2012-12-12 00:14:55",NA,NA,"","Ya estoy de nuevo en Facebook. Esta es mi cuenta oficial: http://t.co/sA602se1",38,31,0,0,0,"2017-01-03 19:37:20","2017-01-03 19:37:20",0,0
"187",277434853341925376,264380418,"Sat Dec 08 15:29:58 +0000 2012","2012-12-08 15:29:58",NA,NA,"","Les comparto mi última participación en Primer Plano

Primer Plano - Temporada 14 (lista de reproducción): http://t.co/KuKSVtOr vía @youtube",40,13,0,0,0,"2017-01-03 19:37:29","2017-01-03 19:37:29",0,0
"188",277144712488566784,264380418,"Fri Dec 07 20:17:03 +0000 2012","2012-12-07 20:17:03",NA,NA,"","Les mando el enlace de mi columna de ayer en Reforma. Está en mi página personal http://t.co/3LYCS4ux",40,20,0,0,0,"2017-01-03 19:37:37","2017-01-03 19:37:37",0,0
"189",276826410381877248,264380418,"Thu Dec 06 23:12:14 +0000 2012","2012-12-06 23:12:14",NA,NA,"","Les comparto mi columna de hoy en Reforma http://t.co/0dtGNJBz",28,9,0,0,0,"2017-01-03 19:37:46","2017-01-03 19:37:46",0,0
"190",276451608857038848,264380418,"Wed Dec 05 22:22:54 +0000 2012","2012-12-05 22:22:54",NA,NA,"","En 2013 impartiré clases en la Facultad de Filosofía y Letras de la UNAM. A ver cómo nos va.",164,79,0,0,0,"2017-01-03 19:37:56","2017-01-03 19:37:56",0,0
"191",147465059105378304,264380418,"Thu Dec 15 23:56:24 +0000 2011","2011-12-15 23:56:24",NA,NA,"","Les comparto mi columna de esta semana: ""A confesión de parte...""   http://t.co/cR0P8uLR",161,52,0,0,0,"2017-01-03 19:37:56","2017-01-03 19:37:56",0,0
"192",144917769740226560,264380418,"Thu Dec 08 23:14:23 +0000 2011","2011-12-08 23:14:23",NA,NA,"","#¿estabamosmejorcuandoestabamospeor? http://t.co/a8aKVtQe",106,20,0,0,0,"2017-01-03 19:38:06","2017-01-03 19:38:06",0,0
"193",144915118340317184,264380418,"Thu Dec 08 23:03:51 +0000 2011","2011-12-08 23:03:51",NA,NA,"","Les comparto mi columna de esta semana: ""¿Estábamos mejor cuando estábamos peor?"" http://t.co/a8aKVtQe",108,15,0,0,0,"2017-01-03 19:38:15","2017-01-03 19:38:15",0,0
"194",106991937185263616,264380418,"Fri Aug 26 07:30:40 +0000 2011","2011-08-26 07:30:40",NA,NA,"","Les comparto mi columna de la semana:
http://t.co/3wWpGhj",17,1,0,0,0,"2017-01-03 19:38:19","2017-01-03 19:38:19",0,0
"195",96574576116506624,264380418,"Thu Jul 28 13:35:47 +0000 2011","2011-07-28 13:35:47",NA,NA,"","Murdoch en México:
http://t.co/Sbegf8V",11,3,0,0,0,"2017-01-03 19:38:30","2017-01-03 19:38:30",0,0
"196",91506670697586688,264380418,"Thu Jul 14 13:57:45 +0000 2011","2011-07-14 13:57:45",NA,NA,"","Aquí pueden leer mi columna de la semana.
http://t.co/cLV1Kj5",7,1,0,0,0,"2017-01-03 19:38:40","2017-01-03 19:38:40",0,0
"197",90890582100160512,264380418,"Tue Jul 12 21:09:38 +0000 2011","2011-07-12 21:09:38",NA,NA,"","Los invito a ver el Programa Primer Plano de ayer
http://t.co/Sg9mMyw",15,4,0,0,0,"2017-01-03 19:38:48","2017-01-03 19:38:48",0,0
"198",88963547064827904,264380418,"Thu Jul 07 13:32:17 +0000 2011","2011-07-07 13:32:17",NA,NA,"","Mi columna esta semana se titula ""La maestra, Calderón, AMLO y Maquiavelo"". Aquí pueden leerla
http://t.co/rwlegHp",21,5,0,0,0,"2017-01-03 19:38:58","2017-01-03 19:38:58",0,0
"199",86520548607266816,264380418,"Thu Jun 30 19:44:40 +0000 2011","2011-06-30 19:44:40",NA,NA,"","Les comparto mi columna de esta semana: ""La guerra que nos endosaron"" http://t.co/v8F0enB",15,1,0,0,0,"2017-01-03 19:39:08","2017-01-03 19:39:08",0,0
"200",71630531409883136,264380418,"Fri May 20 17:37:04 +0000 2011","2011-05-20 17:37:04",NA,NA,"","http://lorenzomeyer.com.mx/",2,0,0,0,0,"2017-01-03 19:39:17","2017-01-03 19:39:17",0,0
"201",817090412011786240,264380418,"Thu Jan 05 19:28:29 +0000 2017","2017-01-05 19:28:29",NA,NA,"","La explicación oficial del #gasolinazo -el costo internacional del combustible importado- evita explicar el porqué de la importación",993,736,0,0,0,"2017-01-07 06:43:52","2017-06-03 06:41:40",0,0
"202",817068867143012352,264380418,"Thu Jan 05 18:02:52 +0000 2017","2017-01-05 18:02:52",NA,NA,"","Les comparto mi artículo de la semana: El dilema del liderazgo https://t.co/yWsNrr1uAh?ssr=true",143,155,0,0,0,"2017-01-07 06:43:52","2017-06-03 06:41:40",0,0
"203",818915775440261120,264380418,"Tue Jan 10 20:21:50 +0000 2017","2017-01-10 20:21:50",NA,NA,"","Uno de los problemas, el gran problema, del acuerdo firmado ayer en Los Pinos, es la credibilidad: el gobierno de #EPN tiene ahí un #déficit",425,423,0,0,0,"2017-01-11 00:06:49","2017-06-03 06:41:40",0,0
"204",819652523854364672,264380418,"Thu Jan 12 21:09:24 +0000 2017","2017-01-12 21:09:24",NA,NA,"","Les comparto mi artículo de la semana:' ¿Que hubieran hecho ustedes?' https://t.co/zYpUK0zHsW?ssr=true",288,261,0,0,0,"2017-01-13 03:20:09","2017-06-03 06:41:40",0,0
"205",819633999563948032,264380418,"Thu Jan 12 19:55:48 +0000 2017","2017-01-12 19:55:48",NA,NA,"","Desde la 2ª Guerra la elite mexicana supuso que el interés de EU era dar apoyo a México. Trump señala lo contrario: EU busca alejar a México",363,333,0,0,0,"2017-01-13 03:20:17","2017-06-03 06:41:40",0,0
"206",820001937554751488,264380418,"Fri Jan 13 20:17:51 +0000 2017","2017-01-13 20:17:51",NA,NA,"","En 2009 G Friedman, analista de los procesos geopolíticos, vaticinó una guerra México-E. U. para fin de siglo. ¿Trump quiere adelantarla?",286,196,0,0,0,"2017-01-13 22:33:17","2017-06-03 06:41:40",0,0
"207",821031411020742656,264380418,"Mon Jan 16 16:28:37 +0000 2017","2017-01-16 16:28:37",NA,NA,"","En contra de las acciones y presiones del gobierno, @AristeguiOnline vuelve a sacar su noticiero y mesa política #AristeguiEnVivo",469,677,0,0,0,"2017-01-16 22:55:21","2017-06-03 06:41:40",0,0
"208",821426278125355008,264380418,"Tue Jan 17 18:37:40 +0000 2017","2017-01-17 18:37:40",NA,NA,"","Trump propone que el vecino débil pague por la barda construida en la propiedad del fuerte para separarle del indeseable ¡Vaya prepotencia!",1141,1105,0,0,0,"2017-01-18 02:30:52","2017-06-03 06:41:40",0,0
"209",821862756647174144,264380418,"Wed Jan 18 23:32:05 +0000 2017","2017-01-18 23:32:05",NA,NA,"","A la venta mi nuevo libro: Distopía mexicana https://t.co/yvKdKSZ11k",110,179,0,0,0,"2017-01-19 04:44:13","2017-06-03 06:41:40",0,0
"210",822201185796927488,264380418,"Thu Jan 19 21:56:53 +0000 2017","2017-01-19 21:56:53",NA,NA,"","Les comparto mi artículo de la semana: Nos cambiaron el mundo https://t.co/L8K7lQTA4L?ssr=true",233,201,0,0,0,"2017-01-20 02:05:46","2017-06-03 06:41:40",0,0
"211",822181197400842240,264380418,"Thu Jan 19 20:37:27 +0000 2017","2017-01-19 20:37:27",NA,NA,"","Oxfam calcula: la riqueza de 8 personas -Slim entre ellos- es igual a la de los 3,600 millones más pobres del mundo. ¿Cómo llamarle a eso?",522,327,0,0,0,"2017-01-20 02:05:54","2017-06-03 06:41:40",0,0
"212",822502648645492736,264380418,"Fri Jan 20 17:54:47 +0000 2017","2017-01-20 17:54:47",NA,NA,"","A LOS E.U. DE TRUMP Y A LA INGLATERRA  DEL BREXIT LOS UNE SU PROFUNDO RECHAZO A LOS MIGRANTES DE HOY",275,247,0,0,0,"2017-01-21 05:50:57","2017-06-03 06:41:40",0,0
"213",823630953364869120,264380418,"Mon Jan 23 20:38:16 +0000 2017","2017-01-23 20:38:16",NA,NA,"","Ya hubo un Brexit, ahora se hablan de un Mexit. La diferencia: el primero fue voluntario, el segundo no. La diferencia es humillante",2211,1955,0,0,0,"2017-01-23 22:48:49","2017-06-03 06:41:40",0,0
"214",823996183559421952,264380418,"Tue Jan 24 20:49:33 +0000 2017","2017-01-24 20:49:33",NA,NA,"","ENTRE LOS INDIVIDUOS PERO NO ENTRE LAS NACIONES, EL VALOR DE LA AMISTAD EXISTE. TRUMP LO ESTA DEMOSTRANDO UNA VEZ MAS",290,360,0,0,0,"2017-01-25 02:58:45","2017-06-03 06:41:40",0,0
"215",824721143013773312,264380418,"Thu Jan 26 20:50:17 +0000 2017","2017-01-26 20:50:17",NA,NA,"","Ya está disponible mi curso el línea. Los orígenes del Mexico contemporáneo en https://t.co/uJJAXdjjrS https://t.co/0HxcBIq08Z",362,575,0,0,0,"2017-01-27 05:34:43","2017-02-08 23:37:33",0,0
"216",824694009599819776,264380418,"Thu Jan 26 19:02:28 +0000 2017","2017-01-26 19:02:28",NA,NA,"","Confirmado: el muro en la frontera  va. A ver si sabemos hacer de esa realidad el cimiento de un nuevo proyecto auténticamente nacional",1301,1489,0,0,0,"2017-01-27 05:34:59","2017-06-03 06:41:40",0,0
"217",826140934274433024,264380418,"Mon Jan 30 18:52:02 +0000 2017","2017-01-30 18:52:02",NA,NA,"","El tw de Trump es una declaración de guerra fría. Hoy, el liderazgo mexicano es una desventaja más. La defensa queda a cargo de la sociedad",981,989,0,0,0,"2017-01-31 07:19:28","2017-06-03 06:41:40",0,0
"218",826482201973837824,264380418,"Tue Jan 31 17:28:06 +0000 2017","2017-01-31 17:28:06",NA,NA,"","¿Así que @netanyahu apoya el muro de Trump? Eso habla volúmenes sobre el líder de Israel",361,474,0,0,0,"2017-01-31 14:39:37","2017-06-03 06:41:40",0,0
"219",826906323937669120,264380418,"Wed Feb 01 21:33:25 +0000 2017","2017-02-01 21:33:25",NA,NA,"","¿Y si Méx decidiera levantar un muro para que no entren las armas norteamericanas para los grupos criminales y pidiera a EU pagarlo?",1957,2252,0,0,0,"2017-02-02 07:52:54","2017-06-03 06:41:40",0,0
"220",827258147764989952,264380418,"Thu Feb 02 20:51:26 +0000 2017","2017-02-02 20:51:26",NA,NA,"","Esta difícil coyuntura debe servirnos NUNCA volver a apostar por la salvación de México  vía depender de EE UU, como lo hizo Salinas",1113,1135,0,0,0,"2017-02-03 02:34:43","2017-06-03 06:41:40",0,0
"221",827244191566667776,264380418,"Thu Feb 02 19:55:59 +0000 2017","2017-02-02 19:55:59",NA,NA,"","Les comparto mi artículo de la semana: El Estados Unidos bronco https://t.co/wYW1GS4mhz",338,354,0,0,0,"2017-02-03 02:34:43","2017-06-03 06:41:40",0,0
"222",827587712110751744,264380418,"Fri Feb 03 18:41:01 +0000 2017","2017-02-03 18:41:01",NA,NA,"","La filtración de la corta pero brutal conversación telefónica Peña-Trump es un golpe durísimo a una presidencia ya muy debilitada",1342,1184,0,0,0,"2017-02-03 22:32:07","2017-06-03 06:41:40",0,0
"223",829421537296056320,264380418,"Wed Feb 08 20:07:59 +0000 2017","2017-02-08 20:07:59",NA,NA,"","Ya está disponible mi curso el línea. Los orígenes del Mexico contemporáneo en https://t.co/w31119UH8d https://t.co/0HxcBIq08Z",312,529,0,0,0,"2017-02-08 23:37:20","2017-06-03 06:41:40",0,0
"224",829064716412612608,264380418,"Tue Feb 07 20:30:06 +0000 2017","2017-02-07 20:30:06",NA,NA,"","A la crisis política interna, de años y creciente, se agrega hoy la crisis de la relación con EU. Se van a convertir en una sola",548,623,0,0,0,"2017-02-08 23:37:33","2017-06-03 06:41:40",0,0
"225",828680422896844800,264380418,"Mon Feb 06 19:03:03 +0000 2017","2017-02-06 19:03:03",NA,NA,"","SE debe reiterar: la mejor defensa de México frente al exterior es una buena, sólida y legítima política interna",741,932,0,0,0,"2017-02-08 23:37:33","2017-06-03 06:41:40",0,0
"226",829752205905244160,264380418,"Thu Feb 09 18:01:56 +0000 2017","2017-02-09 18:01:56",NA,NA,"","Si la muralla de Trump no detendrá a indocumentados o narcos, entonces su propósito es simbólico: Norteamérica comienza al norte del muro",614,696,0,0,0,"2017-02-10 12:17:33","2017-06-03 06:41:40",0,0
"227",830113847750979584,264380418,"Fri Feb 10 17:58:58 +0000 2017","2017-02-10 17:58:58",NA,NA,"","Les comparto mi artículo de la semana: Cuando las crisis convergen  https://t.co/ko4FncvqNB",430,439,0,0,0,"2017-02-11 06:32:58","2017-06-03 06:41:40",0,0
"228",831570994208899072,264380418,"Tue Feb 14 18:29:09 +0000 2017","2017-02-14 18:29:09",NA,NA,"","La marcha del domingo muestra que el éxito o fracaso de actos así depende de quién, a quienes y para qué se convoca y de su logística",387,568,0,0,0,"2017-02-15 02:46:33","2017-06-03 06:41:40",0,0
"229",832068987592835072,264380418,"Thu Feb 16 03:28:00 +0000 2017","2017-02-16 03:28:00",NA,NA,"","RT @sergioaguayo: ""Ruleta judicial"" mi columna de esta semana en @reformaopinion ¡Gracias por su solidaridad! 
https://t.co/OK2PHGK244 http…",239,0,0,0,0,"2017-02-16 09:16:57","2017-02-16 09:17:02",1,1
"230",831975044876234752,264380418,"Wed Feb 15 21:14:42 +0000 2017","2017-02-15 21:14:42",NA,NA,"","La marcha del domingo 12 también mostró que llamar a la unidad, en abstracto, en un país desunido, no funciona",586,816,0,0,0,"2017-02-16 09:17:02","2017-06-03 06:41:40",0,0
"231",832375736661114880,264380418,"Thu Feb 16 23:46:55 +0000 2017","2017-02-16 23:46:55",NA,NA,"","RT @sergioaguayo: ""Ruleta judicial"" mi columna de esta semana en @reformaopinion ¡Gracias por su solidaridad! 
https://t.co/OK2PHGK244 http…",397,0,0,0,0,"2017-02-17 08:20:48","2017-06-03 06:41:40",1,1
"232",832329217681481728,264380418,"Thu Feb 16 20:42:04 +0000 2017","2017-02-16 20:42:04",NA,NA,"","Les comparto mi artículo de la semana: ¿Vibrar? !Rehacer! https://t.co/muAffbhKk5",353,346,0,0,0,"2017-02-17 08:20:54","2017-06-03 06:41:40",0,0
"233",832642983476416512,264380418,"Fri Feb 17 17:28:51 +0000 2017","2017-02-17 17:28:51",NA,NA,"","En el origen, el discurso de Trump atacó a China y a México por igual. Hoy el objetivo del ataque es sólo México",378,399,0,0,0,"2017-02-18 16:52:01","2017-06-03 06:41:40",0,0
"234",833775983907979264,264380418,"Mon Feb 20 20:31:00 +0000 2017","2017-02-20 20:31:00",NA,NA,"","Se puede poner en “vibrar” un celular, pero en el caso de México hay que pedir mucho más: cambio político y de fondo#",628,802,0,0,0,"2017-02-20 22:16:31","2017-06-03 06:41:40",0,0
"235",834506656423636992,264380418,"Wed Feb 22 20:54:25 +0000 2017","2017-02-22 20:54:25",NA,NA,"","En 2006 no hubo empresarios con AMLO, en 2012 algunos; hoy hay más. Eso se explica porque las opciones le fallaron a los dueños del capital",814,843,0,0,0,"2017-02-23 07:36:39","2017-06-03 06:41:40",0,0
"236",836707064399327232,264380418,"Tue Feb 28 22:38:04 +0000 2017","2017-02-28 22:38:04",NA,NA,"","PEMEX ha dado ya a su sindicato 100 mmdp para que acepte que se contraten obras por fuera ( La Jornada 27/II) ¿Qué empresa es viable así?",782,468,0,0,0,"2017-03-01 09:03:54","2017-06-03 06:41:40",0,0
"237",837040043457982464,264380418,"Wed Mar 01 20:41:12 +0000 2017","2017-03-01 20:41:12",NA,NA,"","DICEN QUE NO ES BROMA, DUARTE VA A COMPETIR EN EL GUINNESS CON PERSONAJES DE SENEGAL Y EL CONGO COMO PERSONA MAS CORRUPTA. ¡VAYA RECORD!",751,678,0,0,0,"2017-03-02 12:36:14","2017-06-03 06:41:40",0,0
"238",837407052565663744,264380418,"Thu Mar 02 20:59:34 +0000 2017","2017-03-02 20:59:34",NA,NA,"","Les comparto mi artículo de la semana: El infierno https://t.co/wSFchrDPxx",183,192,0,0,0,"2017-03-02 16:31:16","2017-06-03 06:41:40",0,0
"239",839200392332230656,264380418,"Tue Mar 07 19:45:39 +0000 2017","2017-03-07 19:45:39",NA,NA,"","Murió Jesús Silva-Herzog Flores, una excepción entre la clase política priista: funcionario inteligente al que no se acusó de corrupto",438,683,0,0,0,"2017-03-08 23:39:45","2017-06-03 06:41:40",0,0
"240",838816510294568960,264380418,"Mon Mar 06 18:20:15 +0000 2017","2017-03-06 18:20:15",NA,NA,"","88 años de PRI y Peña asegura que su partido se refirmará en el poder en 2018. Si México no reacciona a la amenaza, su futuro está perdido",1789,1571,0,0,0,"2017-03-08 23:39:45","2017-06-03 06:41:40",0,0
"241",840332599444795392,264380418,"Fri Mar 10 22:44:38 +0000 2017","2017-03-10 22:44:38",NA,NA,"","Existe el “sabio idiota”: un académico con gran sofisticación teórica (cuantitativa) pero cuyo trabajo es irrelevante frente a la realidad",1054,1326,0,0,0,"2017-03-11 02:48:26","2017-06-03 06:41:40",0,0
"242",839903716585021440,264380418,"Thu Mar 09 18:20:25 +0000 2017","2017-03-09 18:20:25",NA,NA,"","La esposa del exgobernador J. Duarte, usando una sola tarjeta y en un año, gastó 8 millones en tiendas de lujo: ¿ese fue el “nuevo PRI”?",2973,2095,0,0,0,"2017-03-11 02:48:26","2017-06-03 06:41:40",0,0
"243",841433633030307840,264380418,"Mon Mar 13 23:39:45 +0000 2017","2017-03-13 23:39:45",NA,NA,"","México y Corea tenían un PIB similar (1950’s). Hoy Corea ataca su corrupción al más alto nivel y su PIB es mucho mayor. Uno explica lo otro",1503,1275,0,0,0,"2017-03-14 09:55:39","2017-06-03 06:41:40",0,0
"244",842060474367660032,264380418,"Wed Mar 15 17:10:36 +0000 2017","2017-03-15 17:10:36",NA,NA,"","250 cadáveres encontrados por ONG en fosas clandestinas en Veracruz ¿Estado de derecho en México? sigue como mera posibilidad, y lejana",1246,890,0,0,0,"2017-03-16 12:37:53","2017-06-03 06:41:40",0,0
"245",842852554446979072,264380418,"Fri Mar 17 21:38:03 +0000 2017","2017-03-17 21:38:03",NA,NA,"","¿Así que un aspirante a fiscal anticorrupción es un corrupto que  plagió el ensayo que presentó al comité que lo examinó? ¿Tan mal estamos?",1612,1409,0,0,0,"2017-03-18 19:07:52","2017-06-03 06:41:40",0,0
"246",842470785415577600,264380418,"Thu Mar 16 20:21:02 +0000 2017","2017-03-16 20:21:02",NA,NA,"","Les comparto mi artículo de la semana: De arrieros a pensiones https://t.co/cp7kcg4AFC",163,179,0,0,0,"2017-03-18 19:07:52","2017-06-03 06:41:40",0,0
"247",843906271610912768,264380418,"Mon Mar 20 19:25:08 +0000 2017","2017-03-20 19:25:08",NA,NA,"","El FBI no niega la conexión electoral Trump-Rusia, pero duda que Obama lo espira. ¡Vaya estilo personal de gobernar!",121,178,0,0,0,"2017-03-21 07:27:03","2017-06-03 06:41:40",0,0
"248",844291812940484608,264380418,"Tue Mar 21 20:57:09 +0000 2017","2017-03-21 20:57:09",NA,NA,"","El PRD se desmorona. MORENA y AMLO deben ahora cuidarse de una “cargada” de perredistas, pues eso puede hacerles naufragar en 2018",872,957,0,0,0,"2017-03-22 13:57:22","2017-06-03 06:41:40",0,0
"249",845013354296979456,264380418,"Thu Mar 23 20:44:17 +0000 2017","2017-03-23 20:44:17",NA,NA,"","Les comparto mi artículo de la semana: institución de (sin) instituciones https://t.co/cYkNuN6ieD",200,259,0,0,0,"2017-03-24 05:04:24","2017-06-03 06:41:40",0,0
"250",844676911188062208,264380418,"Wed Mar 22 22:27:23 +0000 2017","2017-03-22 22:27:23",NA,NA,"","En relación al muro de Trump, el artículo de Claudio Lomnitz, es muy buena interpretación sobre su raíz ideológica https://t.co/4jRWYa1TAX",160,170,0,0,0,"2017-03-24 05:04:36","2017-06-03 06:41:40",0,0
"251",846460888433373184,264380418,"Mon Mar 27 20:36:16 +0000 2017","2017-03-27 20:36:16",NA,NA,"","El fracaso de Trump en el capitolio -no pudo echar abajo el Obamacare- es buena noticia. Su debilitamiento ayuda indirectamente a México",307,545,0,0,0,"2017-03-28 02:08:22","2017-06-03 06:41:40",0,0
"252",846789202645860352,264380418,"Tue Mar 28 18:20:53 +0000 2017","2017-03-28 18:20:53",NA,NA,"","La elección de Estado del Edo. De Mex. muestra que el viejo PRI sigue operando y que, sólo en eso, esta como nuevo",638,617,0,0,0,"2017-03-29 03:02:05","2017-06-03 06:41:40",0,0
"253",847520495356559360,264380418,"Thu Mar 30 18:46:46 +0000 2017","2017-03-30 18:46:46",NA,NA,"","Les comparto mi artículo de la semana: !¿Al abordaje?! https://t.co/O21JVO5BbX",154,199,0,0,0,"2017-03-31 02:52:49","2017-06-03 06:41:40",0,0
"254",847876194515263488,264380418,"Fri Mar 31 18:20:12 +0000 2017","2017-03-31 18:20:12",NA,NA,"","Se entiende que en Venezuela el Ejecutivo quiera defender su proyecto de izquierda, pero no disolviendo el congreso. Esa vía es ilegítima",316,453,0,0,0,"2017-04-01 19:48:36","2017-06-03 06:41:40",0,0
"255",848984540605370368,264380418,"Mon Apr 03 19:44:22 +0000 2017","2017-04-03 19:44:22",NA,NA,"","El verdadero peligro para México es la corrupción en el gobierno que impide el buen funcionamiento de las instituciones del Estado",1923,1830,0,0,0,"2017-04-03 16:21:51","2017-06-03 06:41:40",0,0
"256",849344165347561472,264380418,"Tue Apr 04 19:33:23 +0000 2017","2017-04-04 19:33:23",NA,NA,"","Hoy la elección en el Edo. de Mex. es realmente competida. Eso es nuevo. Lo viejo: el obvio y descarado  apoyo económico del gobierno al PRI",865,765,0,0,0,"2017-04-05 02:19:28","2017-06-03 06:41:40",0,0
"257",850466609730699264,264380418,"Fri Apr 07 21:53:35 +0000 2017","2017-04-07 21:53:35",NA,NA,"","Primero México se topó con Trump y su muro. Ahora Trump se topa con la realidad: es dificilísimo que construya ese muro como lo prometió",491,663,0,0,0,"2017-04-09 04:16:18","2017-06-03 06:41:40",0,0
"258",851505787671371776,264380418,"Mon Apr 10 18:42:54 +0000 2017","2017-04-10 18:42:54",NA,NA,"","Señala un observador: la doctrina de Trump en política exterior es no tener doctrina. Excelente manera de despistarnos a todos",166,251,0,0,0,"2017-04-11 04:03:19","2017-06-03 06:41:40",0,0
"259",851499793419522048,264380418,"Mon Apr 10 18:19:05 +0000 2017","2017-04-10 18:19:05",NA,NA,"","Mi curso disponible en línea. Los orígenes del México contemporáneo. @PolimatiaOnline https://t.co/yuAzGRAt8S",174,265,0,0,0,"2017-04-11 04:03:19","2017-04-27 07:58:55",0,0
"260",852200042425454592,264380418,"Wed Apr 12 16:41:37 +0000 2017","2017-04-12 16:41:37",NA,NA,"","La brutalidad con que @united sacó a un pasajero que ya había abordado el avión, es ejemplo extremo de un maltrato al público muy extendido",400,523,0,0,0,"2017-04-13 11:21:50","2017-06-03 06:41:40",0,0
"261",852576123120758784,264380418,"Thu Apr 13 17:36:02 +0000 2017","2017-04-13 17:36:02",NA,NA,"","Les comparto mi artículo de la semana: El 'anti Estado profundo' https://t.co/pyei5ad8SS",238,233,0,0,0,"2017-04-19 04:21:19","2017-06-03 06:41:40",0,0
"262",857682629843337216,264380418,"Thu Apr 27 19:47:28 +0000 2017","2017-04-27 19:47:28",NA,NA,"","Las capturas de Yarrington y Duarte resultan electoralmente oportunas, pero ¿pueden hacer olvidar que el PRI toleró por años su corrupción?",1351,1204,0,0,0,"2017-04-28 08:11:03","2017-06-03 06:41:40",0,0
"263",860575263134027776,264380418,"Fri May 05 19:21:46 +0000 2017","2017-05-05 19:21:46",NA,NA,"","En la universidad de Baylor, en Texas, los estudiantes hicieron una fiesta para burlarse de los mexicanos. Las raíces del trumpismo crecen",424,282,0,0,0,"2017-05-05 17:20:03","2017-06-03 06:41:40",0,0
"264",860186856821895168,264380418,"Thu May 04 17:38:22 +0000 2017","2017-05-04 17:38:22",NA,NA,"","En México, la estructura de poder es un armazón desvencijado que hace mucho dejo de servir y hoy es ya un gran estorbo a su desarrollo",669,622,0,0,0,"2017-05-05 17:20:03","2017-06-03 06:41:40",0,0
"265",862025444014657536,264380418,"Tue May 09 19:24:16 +0000 2017","2017-05-09 19:24:16",NA,NA,"","El asalto el 5 de mayo a una oficina del @PRI_Nacional en Neza y que cobró 5 vidas ¿se debió a que se sabía que ahí había dinero? ¿para qué?",491,400,0,0,0,"2017-05-10 10:28:10","2017-06-03 06:41:40",0,0
"266",861625290698747904,264380418,"Mon May 08 16:54:12 +0000 2017","2017-05-08 16:54:12",NA,NA,"","“Nuestra vida sólo alcanza su verdadera autenticidad cuando es reclamada por alguien más” Ignacio Solares",121,219,0,0,0,"2017-05-10 10:28:10","2017-06-03 06:41:40",0,0
"267",863121853161902080,264380418,"Fri May 12 20:01:00 +0000 2017","2017-05-12 20:01:00",NA,NA,"","hay que ver el vídeo ""El Ciclo"" https://t.co/L9tn6UPOAO es la mejor explicación del dinero ilegal de la campaña de @alfredodelmazo",2150,1434,0,0,0,"2017-05-12 18:30:01","2017-06-03 06:41:40",0,0
"268",862727272255569920,264380418,"Thu May 11 17:53:05 +0000 2017","2017-05-11 17:53:05",NA,NA,"","Les comparto mi artículo de la semana. Del desierto al muro https://t.co/KQybf8CRGi",106,137,0,0,0,"2017-05-12 18:30:15","2017-06-03 06:41:40",0,0
"269",862378172838445056,264380418,"Wed May 10 18:45:53 +0000 2017","2017-05-10 18:45:53",NA,NA,"","La del Edo. de México bien pudiera ser “la madre de todas las elecciones” y la presidencial del año entrante (2018) apenas su hija",256,363,0,0,0,"2017-05-12 18:30:26","2017-06-03 06:41:40",0,0
"270",864203041397850112,264380418,"Mon May 15 19:37:15 +0000 2017","2017-05-15 19:37:15",NA,NA,"","Mi curso: Los orígenes del México Contemporáneo en @PolimatiaOnline https://t.co/iAZ0fXX6yZ",148,232,0,0,0,"2017-05-16 09:24:00","2017-06-03 06:41:40",0,0
"271",864515909368635392,264380418,"Tue May 16 16:20:29 +0000 2017","2017-05-16 16:20:29",NA,NA,"","SEGÚN SEDENA, ENTRE 2007 Y 2016 EL EJERCITO TUVO 3,921 CHOQUES CON CRIMINALES, MÁS DE UNO POR DÍA. Y EL PROBLEMA PERSISTE",127,108,0,0,0,"2017-05-17 11:00:16","2017-06-03 06:41:40",0,0
"272",865315733688901632,264380418,"Thu May 18 21:18:42 +0000 2017","2017-05-18 21:18:42",NA,NA,"","Les comparto mi artículo de la semana: El Estado no existe https://t.co/UhXpAa2ebL",590,614,0,0,0,"2017-05-18 22:33:10","2017-06-03 06:41:40",0,0
"273",864920039740379136,264380418,"Wed May 17 19:06:21 +0000 2017","2017-05-17 19:06:21",NA,NA,"","La ejecución “a pleno sol” del periodista Javier Valdez en Sinaloa, indigna pero ya no sorprende. Y ese es un indicador terrible",802,715,0,0,0,"2017-05-18 22:33:19","2017-06-03 06:41:40",0,0
"274",866783493581393920,264380418,"Mon May 22 22:31:03 +0000 2017","2017-05-22 22:31:03",NA,NA,"","Sólo si su candidato gana en el Edo. Mex. el PRI activará la TARJETA ROSA que repartió. La compra del voto es abierta ¡y no pasa nada!",2231,1264,0,0,0,"2017-05-23 19:28:23","2017-06-03 06:41:40",0,0
"275",867809330460078080,264380418,"Thu May 25 18:27:22 +0000 2017","2017-05-25 18:27:22",NA,NA,"","En 2014 se detuvo a un sospechoso de haber desaparecido a los 43 de Ayotzinapa ¿y apenas ahora apareció en la PGR su libreta de contactos?",1123,726,0,0,0,"2017-05-26 09:35:33","2017-06-03 06:41:40",0,0
"276",867498038205571072,264380418,"Wed May 24 21:50:24 +0000 2017","2017-05-24 21:50:24",NA,NA,"","Según reportaje de “El País” un huachicolero  poblano pasó de ganar $1,350 a $250 mil semanales. ¿Cómo enfrentar eso?",843,608,0,0,0,"2017-05-26 09:35:33","2017-06-03 06:41:40",0,0
"277",869299554348400640,264380418,"Mon May 29 21:08:59 +0000 2017","2017-05-29 21:08:59",NA,NA,"","En la elección del Edo de Mex se juega el futuro, dice del Mazo. Cierto, si el PRI gana como antes, el futuro será tan malo como el presente",2040,1642,0,0,0,"2017-05-29 21:55:10","2017-06-03 06:41:40",0,0
"278",869956626781843456,264380418,"Wed May 31 16:39:57 +0000 2017","2017-05-31 16:39:57",NA,NA,"","Desde una visión sin matices, las elecciones del Edo de Mex son finalmente muy claras: hay que elegir entre variantes del staus quo y MORENA",1532,1324,0,0,0,"2017-06-01 00:11:28","2017-06-03 06:41:40",0,0
"279",869602675071094784,264380418,"Tue May 30 17:13:28 +0000 2017","2017-05-30 17:13:28",NA,NA,"","El joven Ing. Ángel Padilla fue muerto a plena luz en Polanco el 9/05. ¿Impunidad en la CDMX ? @ManceraMiguelMX https://t.co/jigEZ5w9t0",415,250,0,0,0,"2017-06-01 00:11:28","2017-06-03 06:41:40",0,0
"280",870731113190219776,264380418,"Fri Jun 02 19:57:29 +0000 2017","2017-06-02 19:57:29",NA,NA,"","Al final en la lucha política no hay neutrales, quien no vota apoya el status quo.",1023,839,0,0,0,"2017-06-03 06:41:40","2017-06-03 06:41:40",0,0
"281",870367215538675712,264380418,"Thu Jun 01 19:51:29 +0000 2017","2017-06-01 19:51:29",NA,NA,"","En Edo Mex la oposición libra dos batallas a la vez: captar el apoyo del elector y sobreponerse a la enorme maquinaria clientelar del PRI",919,749,0,0,0,"2017-06-03 06:41:40","2017-06-03 06:41:40",0,0
